ID,y
1,95.210266
2,104.89885
3,89.68447
4,77.55178
5,111.18996
8,92.616425
10,110.9184
11,93.66089
12,115.80341
14,94.18992
15,115.66672
16,103.96523
17,96.04212
19,93.8744
20,104.20846
21,99.54962
22,115.82494
23,96.04212
26,94.8966
28,94.0664
29,96.04212
33,96.04212
35,94.49434
41,95.82681
42,94.51506
43,115.837234
45,102.32707
46,103.90251
51,94.27205
53,81.7258
55,112.93617
56,94.03927
57,106.046
58,94.90472
59,102.39431
63,112.469864
64,94.12259
65,104.20846
69,95.03078
71,96.17695
72,103.5531
73,94.22018
76,102.74871
77,103.85439
78,114.92927
82,94.373184
83,104.20846
84,94.16566
85,104.03322
87,112.62448
88,95.82681
89,112.93089
91,93.80926
93,94.896194
94,103.571075
95,94.86787
96,111.87167
97,93.7532
98,112.60344
99,93.74315
101,104.03971
103,112.93089
104,93.867874
105,111.59672
110,95.0187
111,112.57003
113,113.02077
114,94.02932
115,111.44279
117,112.93089
120,93.78542
121,112.77562
122,93.89667
123,113.06358
126,113.092674
132,112.08417
135,104.04707
137,104.002174
138,94.19344
140,94.016205
142,111.817856
144,112.6962
148,93.37056
149,112.918365
155,94.33185
156,112.62448
157,93.7532
162,113.79352
163,94.94096
167,93.945656
172,115.837234
179,112.68126
180,94.26204
181,112.16499
182,94.50801
183,112.93089
185,112.93089
187,112.327415
188,94.373184
189,94.29339
191,93.54174
192,111.96157
193,94.23055
194,112.16499
195,93.58529
196,112.87498
198,95.062325
199,112.7144
201,103.88947
204,94.05675
205,104.01132
206,94.29803
210,93.74586
211,104.03971
216,112.72614
219,115.80341
220,93.98692
221,111.555885
226,112.16499
227,93.294
228,112.6962
230,112.6962
231,93.7532
235,115.82494
236,93.74817
238,112.728065
242,103.7028
243,93.80926
244,78.723755
245,111.168846
247,112.91774
248,93.36844
249,94.13243
250,112.53679
251,93.74817
253,115.82494
254,93.91487
256,94.37753
257,93.48961
258,114.33327
259,93.76621
262,79.253365
266,94.04581
267,112.39427
272,103.5551
273,112.93089
275,94.28578
276,112.69356
279,94.263084
280,104.20846
283,93.574356
285,112.672455
288,112.93089
289,94.163536
290,103.913216
291,93.86981
292,112.10567
293,111.39341
296,93.49737
297,112.76916
298,114.92927
299,94.373184
304,93.42675
305,77.931046
306,93.884254
307,112.16499
311,107.53225
313,112.16499
314,93.756485
316,93.742165
324,93.92814
327,94.136826
329,93.563805
330,112.16499
337,104.82053
338,94.338234
339,103.5878
340,94.07257
343,93.60584
345,115.66672
346,94.301056
347,112.39427
349,112.715645
350,93.66436
352,113.10955
353,93.378685
354,78.77709
357,94.28139
358,112.677734
362,112.10758
364,116.28547
365,103.9263
366,93.969284
367,112.79668
368,94.26888
370,78.6219
373,95.07655
377,93.64364
378,111.47939
382,102.74871
384,112.6962
390,94.86787
392,112.75228
393,112.29606
395,94.20458
396,104.130936
399,78.518715
406,112.16499
408,112.16499
409,94.07705
410,78.32494
412,114.08805
413,93.36397
419,94.79546
420,112.364845
421,93.37056
430,102.832436
434,94.27205
436,93.89783
437,94.03927
438,93.72817
439,112.728065
440,93.99429
443,112.28572
446,94.05675
448,93.92777
452,94.09386
453,104.20093
457,103.8856
458,94.28379
459,112.21977
460,103.57518
462,103.98972
464,103.85439
465,115.80341
467,117.157974
471,113.170105
472,78.34231
473,95.25229
475,94.05361
480,94.716896
488,111.79508
490,112.16499
491,104.01597
492,78.48685
493,94.30513
497,93.79089
498,112.62671
499,94.56934
500,103.82972
501,94.28379
502,113.45371
506,81.61644
510,111.40229
511,93.427315
512,93.563805
516,93.93065
518,93.73432
519,112.39427
521,93.53483
522,112.45135
526,112.50986
529,94.79096
532,112.39427
533,94.30513
536,112.92232
537,103.25048
539,94.373184
540,104.01597
541,94.08598
543,94.29339
546,112.77795
547,93.74817
548,78.657234
551,93.94017
552,104.272644
556,103.20523
557,95.11438
558,112.79668
559,94.17174
560,104.210655
562,104.01132
566,94.71868
570,112.62671
571,94.03927
572,104.20846
573,94.373184
575,115.80341
576,112.54891
577,94.118904
579,93.74312
580,112.186775
581,112.08417
589,112.16499
591,102.71931
593,93.81258
594,103.71579
595,94.11204
598,93.91643
602,111.315605
604,113.018555
606,112.53091
608,93.81628
609,104.03971
610,94.13535
616,112.185814
617,94.8966
618,102.1941
620,103.932915
622,112.24244
623,93.16166
624,144.38809
626,112.46599
628,112.472046
629,94.02932
630,112.6962
637,94.03925
638,103.56984
643,94.65304
645,94.716896
646,113.56618
648,95.43063
652,94.431206
653,94.03927
654,112.62671
656,112.86787
657,94.356346
659,94.4953
660,103.561714
663,93.31841
664,113.08053
666,103.55626
668,111.89248
669,94.25034
671,95.11438
675,93.7964
677,93.54271
678,111.16128
679,102.910835
682,94.65302
685,103.392784
687,94.19344
688,93.55047
693,112.21965
696,93.90023
698,94.2827
701,95.844826
704,103.2525
705,115.80341
709,112.78562
710,94.16287
711,106.25616
712,94.6506
714,112.310425
715,93.52296
716,112.16499
717,94.45603
720,115.66672
721,93.54174
724,102.39208
725,94.00673
726,111.65799
728,111.96148
731,93.53469
734,103.807274
738,93.87643
745,110.234436
746,93.37709
751,78.48685
754,93.89029
756,93.53401
758,94.5657
759,112.58965
761,115.96164
766,94.47724
767,111.75581
768,93.16166
769,112.738525
770,94.81089
771,78.48685
772,105.45602
773,93.94017
774,111.57781
776,112.6962
777,93.983055
780,115.837234
782,104.01597
787,102.746574
788,94.373184
792,93.03946
793,114.18237
798,94.413994
800,93.52586
806,112.16499
809,112.77319
811,113.062614
812,93.14487
814,115.80341
816,101.898636
817,94.17174
818,106.31962
820,111.020546
823,94.28379
829,93.56938
830,112.61358
831,92.78059
834,111.20002
839,94.37753
841,78.626175
844,104.03971
845,94.27205
848,93.42675
850,98.624565
851,103.711876
852,93.89595
854,93.57544
855,95.04268
856,101.99981
859,103.43822
861,111.57781
864,93.9528
865,111.57781
866,93.3689
867,93.67699
869,94.63428
871,93.16979
872,112.16499
882,102.36534
883,94.27205
885,94.17889
888,94.136826
893,112.14679
901,111.16128
903,104.01597
904,94.59754
905,103.743744
910,94.73996
911,111.21823
914,112.78562
918,112.53551
921,93.00795
928,94.30513
929,103.711876
932,94.01271
933,105.24003
934,94.73996
935,112.39427
937,78.302
939,94.373184
940,102.71863
941,94.30513
942,103.592064
943,94.43571
944,103.42946
947,112.16499
949,111.925934
951,110.29942
952,93.94454
953,104.01597
954,78.43866
957,112.6962
959,93.06575
960,113.254364
963,115.80341
965,112.16499
967,103.25572
971,94.37753
972,78.51697
973,94.26264
974,112.6962
975,94.80197
978,114.931595
980,113.092674
981,94.72318
984,112.898575
986,94.73996
988,93.16166
989,111.51296
990,103.07854
992,111.16128
996,94.016205
999,113.08621
1000,94.00929
1001,111.57781
1002,93.16166
1003,112.6962
1004,93.37056
1008,111.410934
1009,94.131676
1010,105.136024
1012,112.63515
1013,94.11081
1014,112.61291
1015,93.55662
1016,115.80341
1019,93.532875
1020,113.10309
1021,94.73996
1022,103.40634
1024,94.73996
1025,78.800835
1027,94.83793
1028,105.42868
1029,94.87111
1030,94.13431
1033,112.6962
1036,93.56513
1037,111.70138
1038,93.20939
1042,94.373184
1043,103.70739
1044,94.186615
1045,111.37521
1047,112.242836
1050,94.29339
1051,112.14679
1054,94.28379
1056,94.72318
1057,94.27205
1059,93.74292
1062,103.60971
1063,103.45428
1064,94.72318
1066,93.753456
1070,105.13874
1076,111.35701
1077,104.11888
1078,112.2637
1080,112.30921
1082,112.87101
1083,94.136826
1089,113.02054
1091,94.20946
1093,94.11307
1097,94.8966
1099,93.62045
1101,94.79174
1103,94.99045
1104,111.564545
1106,112.14509
1109,94.065285
1110,112.19371
1111,93.97728
1112,112.57094
1114,94.39646
1116,94.59273
1117,112.34392
1120,93.58765
1124,112.5595
1125,93.93634
1126,112.24043
1134,112.257576
1137,93.92982
1138,112.6749
1144,112.24737
1145,94.23645
1146,93.756485
1148,94.99045
1150,93.56458
1152,104.09149
1153,94.26658
1154,104.08868
1155,94.4976
1157,93.63522
1162,94.4976
1165,112.6962
1166,95.13743
1167,103.40634
1168,94.8454
1169,103.43822
1171,115.82494
1172,95.029465
1173,103.43822
1174,94.42954
1176,95.14812
1177,103.743744
1178,94.4058
1182,112.62448
1186,94.76868
1187,114.41485
1188,94.13243
1189,115.837234
1191,105.55689
1192,94.4976
1197,112.05562
1198,93.393616
1200,78.68004
1201,94.354965
1203,95.16616
1209,115.80341
1214,103.64805
1218,111.28045
1222,94.18079
1226,94.85818
1228,94.31523
1230,94.1223
1232,78.68004
1233,93.498146
1236,112.36725
1238,94.287285
1241,112.24737
1244,104.182884
1246,94.36751
1247,113.08854
1250,112.76461
1251,94.04959
1254,112.59929
1255,94.31103
1256,111.074715
1257,93.94273
1258,94.045105
1259,112.27043
1260,94.24437
1263,112.19371
1267,78.413635
1268,111.935356
1271,94.4976
1272,112.14679
1274,104.12772
1275,94.4976
1276,112.14679
1277,93.40365
1279,93.756485
1281,94.1485
1282,94.13243
1283,112.801285
1285,112.92152
1286,93.92982
1289,112.39928
1296,112.471306
1299,93.56458
1301,94.14062
1306,93.6183
1307,94.4058
1308,93.52805
1313,112.14679
1314,94.3837
1315,112.19371
1316,93.15977
1317,112.14679
1319,93.563446
1323,94.69869
1324,103.35101
1325,94.501945
1328,103.571
1329,94.72318
1330,111.62959
1331,94.85203
1332,103.84926
1337,94.33656
1338,111.97316
1339,93.53483
1340,112.07978
1343,112.95963
1347,105.95655
1348,94.13825
1349,105.57502
1352,94.04689
1354,94.535286
1359,112.84559
1360,94.28635
1363,111.93539
1364,93.69418
1365,105.23218
1366,93.891884
1372,93.876236
1375,105.52005
1376,93.9173
1378,93.85885
1379,113.05185
1380,94.30455
1381,105.75084
1384,111.77664
1387,94.09559
1388,112.15154
1392,80.288
1394,105.21612
1395,94.000084
1396,111.95359
1398,94.04919
1399,111.95359
1400,93.87227
1401,94.309814
1403,94.174164
1404,111.498566
1406,111.95359
1407,93.9173
1408,111.95359
1410,79.16275
1412,111.95359
1413,94.257095
1415,94.030174
1420,111.95359
1422,111.134766
1423,106.83527
1424,111.95359
1425,94.40062
1426,79.16275
1427,94.64931
1429,93.724365
1430,112.03476
1431,94.48163
1432,105.37337
1434,112.591866
1437,94.01843
1438,105.508606
1440,111.93683
1441,112.06929
1442,94.16637
1444,112.7432
1445,94.030174
1446,105.44771
1448,94.02249
1453,95.31701
1454,111.95359
1455,94.01843
1456,111.43185
1458,111.95359
1459,93.830894
1461,94.014534
1465,94.09559
1466,111.93886
1469,94.28635
1472,95.31701
1474,94.05782
1477,112.19103
1479,111.82321
1482,93.95031
1483,78.1306
1487,94.30062
1488,112.043625
1490,112.84559
1492,111.85781
1494,116.85852
1496,105.396866
1497,95.0084
1499,94.64931
1502,94.537186
1507,112.103165
1508,94.04689
1509,111.7951
1511,94.708176
1512,112.05605
1513,114.923584
1514,103.419044
1518,112.69654
1519,93.71489
1522,112.10452
1524,79.07178
1527,94.16637
1529,94.07551
1532,104.38878
1536,113.57298
1537,116.8247
1539,106.3808
1542,112.33961
1543,93.9173
1544,105.21026
1545,79.15017
1550,93.9173
1551,111.990105
1554,105.72632
1556,105.44771
1559,95.71176
1560,80.18594
1562,94.93968
1566,93.71489
1567,112.66467
1569,104.470535
1570,113.058586
1571,112.17751
1574,94.04689
1578,105.423965
1580,94.037315
1583,112.322464
1584,94.04689
1585,111.94123
1586,94.30387
1587,112.66467
1588,93.72786
1590,114.883286
1592,103.42702
1596,111.80383
1598,111.16847
1599,93.9173
1604,113.792885
1606,103.02743
1607,94.257095
1608,103.58858
1609,116.477745
1611,94.03331
1613,94.087456
1616,94.44261
1619,111.173035
1620,95.11737
1621,112.58291
1622,94.01974
1625,110.96783
1627,116.477745
1629,111.62579
1634,94.15563
1636,93.7782
1638,104.430695
1639,94.13825
1641,94.64931
1643,94.000084
1644,103.99168
1645,116.85852
1646,93.495415
1647,105.77241
1648,94.25811
1652,94.037315
1653,112.59296
1656,95.48795
1658,93.9173
1659,111.95359
1661,93.539154
1663,94.257095
1664,112.76286
1665,94.01843
1666,105.44771
1667,103.04244
1668,79.43007
1669,103.57561
1670,94.09606
1672,112.66467
1674,112.25144
1677,112.043625
1678,94.13142
1679,112.568695
1680,94.52166
1683,106.18201
1686,105.998245
1687,111.134766
1689,112.623085
1690,94.272255
1691,116.71107
1692,112.59296
1693,94.04689
1695,93.93864
1696,95.31701
1697,111.95359
1700,105.44771
1701,94.10104
1702,112.66467
1703,93.89696
1704,112.25562
1706,94.41018
1707,113.83021
1708,94.25811
1710,94.18171
1711,106.15014
1713,105.5596
1717,106.134544
1719,105.423965
1720,93.9173
1722,93.92856
1725,103.42702
1726,94.30997
1727,105.28909
1729,111.79068
1730,94.024345
1731,111.962135
1733,105.44771
1734,94.03977
1735,111.134766
1738,94.087456
1742,93.68357
1745,112.25144
1747,94.10104
1749,94.5905
1751,94.25811
1752,79.321045
1753,103.28255
1754,94.18461
1755,94.40764
1756,105.636536
1758,112.78675
1759,94.28574
1760,105.63626
1761,113.25297
1762,94.28201
1763,112.066376
1764,94.309586
1766,95.248856
1768,94.47797
1769,78.43551
1771,111.783775
1772,93.88883
1773,106.49032
1774,94.70016
1775,112.11831
1777,112.93158
1779,94.28574
1780,107.81603
1787,93.89696
1788,93.81275
1790,94.25811
1796,112.931984
1801,93.68094
1803,94.28863
1807,112.95019
1809,113.53745
1812,94.28705
1813,113.04668
1814,94.92701
1815,112.30518
1816,96.001175
1818,94.22111
1820,94.39094
1821,112.56942
1822,94.28574
1825,94.13404
1826,106.41745
1828,94.25811
1831,104.66906
1836,112.52301
1837,94.40556
1841,94.325134
1844,103.22549
1848,94.38225
1851,106.64811
1852,93.907715
1853,94.18327
1854,111.45477
1856,93.72259
1859,113.53745
1860,94.25811
1861,79.459885
1863,107.26345
1865,94.40556
1866,106.66631
1867,94.47227
1868,93.7464
1872,94.47797
1879,94.1929
1880,106.31478
1882,93.88101
1885,106.44932
1887,106.00751
1888,93.99542
1890,113.43252
1894,94.20109
1895,103.766045
1896,94.68801
1897,113.10684
1900,112.51198
1901,96.290985
1902,112.947655
1905,94.48353
1906,111.45084
1912,105.71502
1915,94.30997
1916,105.5596
1917,94.25811
1918,106.41745
1920,79.23552
1923,94.47656
1924,106.16473
1925,94.30997
1930,116.477745
1932,112.2209
1933,93.660255
1934,112.24799
1935,96.17735
1940,79.16275
1941,93.64238
1942,112.94112
1943,95.79048
1944,94.61412
1945,111.03294
1948,116.8247
1949,95.13878
1952,93.585075
1954,94.3142
1955,112.2209
1958,96.2805
1959,78.958786
1960,112.066376
1963,94.17211
1965,94.36028
1968,106.39854
1969,93.69418
1971,94.146416
1972,112.33778
1973,95.16073
1975,93.7464
1977,94.43362
1978,95.92627
1979,112.02066
1981,93.7464
1982,112.8423
1987,113.25143
1988,93.71489
1993,94.659485
1997,93.64726
1999,94.25811
2001,94.087456
2002,112.149765
2003,94.76689
2004,79.743484
2006,112.03281
2007,95.41092
2009,106.52075
2010,94.21961
2013,94.81305
2018,78.57996
2022,105.61484
2024,111.89286
2025,94.34934
2026,106.71955
2030,107.81603
2031,94.18461
2032,105.71502
2033,94.19265
2035,93.63583
2036,112.03281
2037,94.011375
2040,94.20109
2043,113.574554
2044,106.51124
2046,104.09419
2054,113.30009
2055,94.26875
2056,107.81603
2059,95.424995
2060,96.290985
2062,95.48658
2063,112.275085
2066,94.20109
2067,111.40208
2072,96.199326
2073,113.16197
2074,94.81191
2075,113.83676
2076,94.24139
2080,94.485275
2082,96.290985
2085,112.184784
2087,111.98732
2091,111.39509
2092,94.2856
2093,107.81603
2098,93.57333
2101,112.066376
2102,94.22111
2103,79.16275
2105,106.66631
2106,94.28574
2107,114.8861
2110,94.342995
2114,95.7592
2115,112.94112
2117,78.46124
2118,94.46773
2119,105.5596
2120,94.20445
2122,94.3629
2123,112.59296
2126,94.146416
2127,105.46206
2128,94.325134
2129,112.33781
2132,95.36616
2135,105.71502
2138,94.270226
2139,116.477745
2141,111.350876
2142,94.62623
2146,93.88798
2151,113.12331
2157,103.48222
2159,113.809
2162,94.01843
2164,116.87656
2167,93.4983
2168,110.68361
2171,93.209114
2173,93.879105
2174,104.06542
2175,94.13825
2178,93.865425
2180,94.087456
2185,111.93228
2189,94.14162
2190,110.929955
2192,102.7155
2194,110.712006
2200,113.662025
2201,94.15966
2203,111.71933
2204,94.187775
2205,111.8968
2209,111.762405
2213,103.607994
2214,94.04785
2215,112.40748
2216,94.15966
2218,93.64238
2219,105.05707
2220,94.28635
2222,93.468185
2223,111.77947
2225,112.33721
2226,94.36562
2230,93.59599
2233,110.883865
2234,111.82626
2235,94.187775
2236,78.627014
2237,93.760895
2240,113.28272
2241,93.7102
2248,103.757355
2249,93.79594
2250,111.78029
2252,111.80691
2253,95.01287
2254,112.22715
2256,78.515434
2258,94.006035
2259,111.40516
2262,94.20109
2265,94.01843
2266,104.05942
2269,93.43076
2271,94.48163
2273,93.795235
2274,111.86956
2275,94.15966
2277,94.01974
2279,94.187775
2280,78.5158
2282,94.087456
2283,102.4694
2288,93.54117
2289,111.622025
2291,94.20445
2292,116.59138
2297,94.35821
2298,103.99883
2299,94.79671
2300,113.185555
2301,93.690575
2304,94.00144
2305,104.87583
2306,94.20109
2308,94.18953
2309,112.46215
2311,101.97135
2312,102.6392
2316,102.80542
2321,103.99883
2322,111.55009
2325,103.597176
2326,94.00286
2329,116.59138
2330,94.01974
2331,103.97464
2332,110.883865
2333,94.20109
2334,102.7155
2335,110.50695
2337,111.79419
2338,93.64447
2340,110.883865
2342,94.52004
2345,94.08588
2349,94.90498
2351,78.488045
2352,94.20445
2354,111.80244
2355,120.56164
2357,112.33721
2358,94.17067
2360,93.61937
2361,111.80244
2364,94.16637
2366,96.54195
2369,102.47049
2370,94.23539
2371,110.883865
2373,122.34619
2374,94.55725
2376,112.49243
2378,111.33955
2382,94.48163
2383,94.19698
2386,103.41207
2387,94.63438
2389,93.94636
2390,111.47973
2392,93.41398
2398,110.883865
2399,94.20445
2400,95.07285
2401,112.02509
2402,93.92904
2404,94.04195
2407,112.03071
2408,111.71069
2409,111.937675
2412,78.512314
2413,94.40981
2415,94.16761
2420,110.785324
2422,93.80446
2423,102.36135
2426,94.5905
2432,94.01974
2434,93.57388
2435,93.94636
2436,111.99164
2438,111.43628
2440,112.88746
2443,93.709625
2444,93.845894
2447,103.757355
2450,94.257095
2454,93.928986
2455,111.522835
2459,94.20109
2460,112.267075
2463,93.52306
2465,93.95835
2468,78.73603
2469,94.187775
2474,93.52267
2478,93.05005
2480,93.845894
2481,113.28272
2489,94.087456
2490,104.10745
2492,94.5722
2496,94.20109
2497,112.50681
2500,94.25811
2505,94.20109
2507,93.209114
2508,111.8968
2509,94.431526
2510,78.94472
2513,93.57268
2515,94.087456
2518,94.19698
2519,121.97862
2520,94.19698
2521,112.70302
2523,111.66569
2525,93.9984
2529,111.8968
2530,94.15966
2533,111.79121
2535,93.58075
2538,104.090744
2544,111.57272
2553,112.04787
2556,94.01853
2558,93.55003
2559,113.84448
2560,94.01974
2561,111.91049
2562,94.177864
2563,111.87241
2564,93.57388
2565,110.883865
2567,103.71803
2572,94.152824
2575,94.25811
2576,113.22795
2577,93.0077
2578,93.9048
2579,111.553696
2580,93.430244
2582,112.41026
2583,93.782074
2587,93.62138
2589,111.92249
2590,94.55495
2591,111.8968
2594,94.0379
2597,94.31433
2598,103.94914
2599,94.030174
2600,102.16282
2602,111.32227
2603,94.152824
2604,103.81527
2606,111.57021
2607,78.627014
2608,95.04474
2613,111.8968
2614,94.61806
2615,111.860565
2617,112.34162
2620,93.66887
2623,113.09312
2624,94.05873
2627,111.8968
2629,78.627014
2630,93.60818
2632,94.30062
2636,93.51839
2639,94.167816
2640,105.656364
2642,111.8968
2644,103.972885
2646,112.16009
2647,93.63202
2649,94.00328
2650,105.28825
2652,103.972885
2653,102.132034
2655,105.194214
2657,110.883865
2659,111.74878
2662,94.14513
2663,113.28272
2664,93.6407
2665,102.95249
2670,93.8473
2671,103.77363
2672,94.02015
2675,103.972885
2677,111.71266
2679,111.98138
2683,111.88017
2684,94.68943
2685,93.86251
2688,103.93472
2689,94.28825
2690,103.00116
2693,94.00286
2694,112.57946
2697,94.38099
2699,94.20445
2703,94.21457
2705,103.869606
2709,78.84346
2710,93.84447
2711,113.51891
2712,93.34
2713,93.731834
2714,112.49294
2715,93.46675
2717,93.57268
2718,111.469246
2720,112.52455
2721,94.07568
2726,94.40403
2728,93.81392
2731,102.672226
2732,111.80244
2734,93.73066
2736,103.94914
2737,93.88014
2738,102.64271
2739,113.87654
2746,93.64238
2749,102.7155
2751,116.85852
2752,103.597176
2753,94.11655
2757,104.07934
2758,94.5142
2759,111.74015
2760,94.4856
2762,111.80691
2764,94.25811
2765,111.59364
2769,112.34405
2771,110.803604
2774,94.557594
2776,92.964615
2777,113.71668
2778,94.68583
2779,112.035805
2782,93.6268
2784,94.20164
2787,93.39063
2789,94.13196
2792,94.63535
2798,94.257095
2799,103.94914
2800,94.07568
2801,79.141815
2802,94.03415
2804,93.760895
2807,103.757355
2808,93.876236
2809,114.67625
2811,115.525795
2812,94.210655
2814,93.2163
2816,94.025665
2817,110.96094
2818,110.6898
2820,111.552376
2821,78.954094
2822,94.19821
2823,104.22604
2824,94.07568
2826,94.24687
2829,93.58552
2834,93.994385
2835,78.49522
2838,94.397484
2839,110.83378
2840,93.32126
2841,109.17335
2842,94.20109
2846,112.665276
2848,94.2364
2849,92.83607
2850,112.49294
2851,94.01843
2853,94.43303
2854,111.8968
2858,114.88206
2861,94.150856
2864,94.5722
2865,113.28272
2866,110.76744
2867,93.22443
2868,112.12464
2870,112.439186
2877,94.435585
2878,111.8968
2880,112.3788
2882,78.487686
2883,94.514336
2884,103.74201
2885,93.86534
2887,94.087456
2888,112.217354
2889,93.812614
2890,103.972885
2891,101.97135
2892,116.8247
2893,94.2116
2898,112.7499
2899,93.39184
2900,111.96233
2901,95.58621
2909,94.35821
2910,112.57053
2911,111.55863
2913,110.83074
2914,94.30171
2918,94.65964
2919,111.23664
2920,94.11921
2921,111.8968
2922,94.22885
2923,102.892204
2925,111.93312
2926,93.430244
2927,111.8968
2929,112.5243
2933,93.495804
2934,112.123116
2936,111.74619
2941,102.37973
2942,93.84447
2943,111.86956
2945,103.597176
2950,93.42212
2951,111.09696
2953,114.52353
2954,94.11655
2955,103.41207
2956,94.64931
2960,94.535286
2962,95.06013
2963,103.96557
2964,103.972885
2966,78.5158
2967,94.09811
2968,112.48282
2969,93.42212
2971,93.7444
2972,94.35821
2974,93.90609
2975,112.448265
2977,116.85852
2980,111.846436
2981,94.379395
2983,93.99986
2984,104.80444
2985,116.59138
2986,103.64574
2987,94.35821
2989,93.80929
2990,111.433334
2991,94.35975
2992,78.07668
2995,94.38099
2996,102.32353
3002,111.96333
3004,112.99632
3005,116.643234
3006,94.28732
3010,94.46432
3011,103.911606
3014,93.430244
3015,93.93586
3016,94.01843
3017,111.63875
3018,93.58075
3021,102.80542
3024,103.94914
3028,93.64238
3030,94.68583
3032,93.81195
3039,94.10879
3040,103.68692
3041,96.31063
3043,94.57534
3044,112.43246
3046,111.183876
3055,93.4203
3056,111.88154
3058,93.795235
3059,111.25034
3061,116.8247
3063,104.47185
3066,94.09606
3067,103.94914
3068,78.487686
3069,94.07568
3072,114.73412
3073,112.49243
3074,94.28825
3077,93.624535
3082,94.635056
3084,94.38099
3085,111.46983
3088,103.972885
3091,93.8967
3092,113.19542
3093,95.28185
3094,102.672226
3096,111.80844
3097,93.597626
3098,78.515434
3102,115.41216
3106,93.85502
3109,94.70403
3111,93.3387
3112,116.643234
3113,94.189316
3115,95.04474
3116,110.95565
3117,94.48855
3121,112.873924
3122,93.04144
3123,94.25811
3124,103.91632
3125,94.01843
3126,102.4694
3127,116.71107
3129,93.962776
3130,112.072914
3132,102.017845
3134,105.80654
3135,95.053406
3137,79.12401
3138,94.22761
3140,94.699394
3144,112.48017
3145,94.47589
3146,111.860565
3147,94.11691
3148,103.91973
3149,103.58503
3150,112.29775
3151,94.66415
3152,94.01829
3155,95.075294
3156,112.49294
3159,93.32614
3161,94.08256
3162,105.440605
3163,94.514336
3165,102.30294
3172,93.66887
3173,114.261116
3176,94.36553
3177,104.569885
3179,112.448265
3183,93.44355
3186,94.28863
3187,102.58493
3189,111.28459
3190,94.2843
3192,116.71107
3193,93.66887
3194,112.007
3197,94.01843
3198,94.13825
3200,94.55061
3201,116.47816
3202,94.13825
3204,94.20109
3205,93.66775
3206,112.20482
3208,103.597176
3210,102.714424
3211,94.03195
3212,116.8247
3213,93.71404
3214,111.473114
3216,103.972885
3219,93.81842
3220,111.20357
3221,94.189316
3226,106.79188
3227,95.1219
3228,111.80061
3229,94.14495
3232,78.73603
3233,94.16213
3234,94.210655
3236,93.93282
3238,111.85071
3239,111.82085
3240,93.105194
3247,111.76459
3249,104.58548
3252,114.97544
3253,94.048706
3254,103.5944
3255,93.51675
3256,112.512314
3257,94.12573
3262,94.1035
3263,103.972885
3264,94.64931
3266,111.92919
3267,94.1891
3269,93.69598
3272,116.59138
3274,94.01843
3275,104.25376
3277,94.11655
3279,94.630745
3280,104.57266
3283,94.2563
3285,94.087456
3287,93.905556
3288,103.94914
3290,104.74845
3291,93.760895
3298,111.84842
3299,94.16637
3302,110.74186
3303,95.25724
3304,103.53211
3307,93.6729
3309,93.72218
3314,78.487686
3316,113.27081
3317,94.39807
3319,94.23765
3320,111.627625
3321,94.25811
3322,103.50397
3324,93.6987
3326,94.56611
3329,111.183876
3330,93.57388
3331,111.860565
3335,116.8247
3337,93.54472
3338,103.15948
3339,94.256226
3340,111.97004
3341,94.95803
3343,94.04353
3346,93.430244
3348,93.918236
3351,104.12138
3352,116.59138
3355,93.42212
3356,113.596695
3358,104.917
3359,93.907715
3360,112.41204
3371,112.874695
3372,94.189316
3374,94.67742
3377,112.071106
3378,93.18501
3380,104.24394
3382,94.2364
3386,94.13825
3389,112.65781
3391,103.55981
3393,94.21145
3394,103.85934
3395,94.25811
3397,112.25354
3398,93.8985
3399,78.84504
3400,94.431526
3404,104.171074
3407,112.02276
3409,105.33854
3419,94.11655
3421,94.96351
3425,94.05682
3427,78.865875
3428,116.59138
3429,113.0567
3431,92.94521
3435,93.93864
3436,112.666595
3439,95.13656
3441,94.3794
3442,116.59138
3443,94.1035
3444,102.92031
3445,94.03919
3446,111.30864
3449,94.68583
3453,93.64238
3457,93.724335
3460,104.12138
3461,93.841484
3462,94.1886
3464,104.64409
3465,78.487686
3466,94.431526
3467,104.75772
3468,93.6407
3469,104.33364
3470,103.034355
3472,112.25354
3473,93.72985
3475,93.687515
3476,112.12273
3478,105.75234
3479,94.867035
3483,93.760895
3484,104.15548
3485,95.19688
3487,94.06487
3488,112.03281
3496,111.99643
3497,93.52306
3499,94.48163
3500,78.65513
3501,94.25811
3504,94.48566
3508,104.870575
3511,93.588524
3512,113.54407
3515,93.845535
3517,94.152824
3518,103.175545
3526,112.329865
3528,136.57239
3529,93.97669
3530,112.13951
3531,93.86374
3532,111.373985
3533,93.6432
3534,94.189316
3535,78.31303
3536,94.15966
3537,112.03281
3538,93.66492
3539,111.759865
3540,103.77415
3545,112.10452
3546,93.42212
3550,103.66129
3551,93.99183
3553,93.879105
3554,104.12138
3557,93.760895
3558,112.136246
3559,94.68583
3561,93.88101
3562,112.25354
3563,94.36171
3564,104.12138
3565,94.03919
3567,93.5883
3571,104.12138
3572,94.23539
3574,94.292984
3576,94.13825
3577,112.009094
3578,94.25811
3579,94.13825
3583,94.12332
3585,94.2364
3586,104.05867
3587,112.66467
3593,94.31527
3594,111.509285
3595,94.10879
3599,94.257095
3600,104.13431
3601,112.25354
3602,94.68583
3604,94.210655
3609,116.530014
3610,112.862465
3612,111.93683
3614,113.846016
3615,94.210655
3617,94.89631
3618,112.03281
3619,112.00272
3620,112.03476
3621,94.210655
3625,94.36621
3626,102.57947
3630,102.92031
3631,93.57641
3632,104.268776
3633,94.64931
3634,112.03281
3637,93.92864
3639,94.49942
3640,113.62575
3641,94.04353
3644,113.596695
3645,94.13825
3646,94.34507
3647,93.52267
3648,112.20745
3653,112.68288
3654,95.04474
3655,113.63474
3659,102.67421
3660,93.54472
3662,112.11653
3666,94.06487
3668,95.23549
3671,93.66887
3673,93.44185
3674,112.70877
3675,93.84429
3681,94.19119
3682,112.66467
3686,111.677925
3687,93.073685
3692,78.88396
3695,112.14839
3696,94.620575
3699,112.17557
3705,113.016556
3707,78.73603
3708,94.25811
3709,112.65253
3710,93.88101
3712,94.09606
3715,112.66467
3716,94.13825
3720,112.58752
3722,78.73603
3726,94.27769
3728,93.56527
3729,113.28319
3731,102.84752
3735,113.734795
3736,94.78072
3739,102.55961
3741,111.60171
3743,104.33472
3744,94.20557
3745,112.12999
3746,93.46335
3751,93.587906
3753,93.53413
3760,111.89023
3761,96.17682
3762,111.38869
3763,94.31508
3765,94.07227
3768,113.02034
3769,94.3413
3770,105.55652
3773,111.774956
3774,94.852356
3776,93.40668
3778,93.50385
3779,111.42147
3780,93.5464
3781,111.77705
3782,95.62632
3783,111.69433
3784,94.11981
3786,94.22514
3789,112.297226
3790,93.819664
3793,111.32967
3795,112.01636
3797,93.60962
3798,116.53883
3800,113.30877
3804,94.852356
3810,93.5979
3815,112.54041
3816,94.852356
3818,103.46248
3824,111.69433
3828,104.938614
3830,111.68623
3831,93.688065
3832,78.35714
3834,112.12999
3835,94.10173
3836,111.82242
3838,94.03491
3839,116.772156
3840,112.46132
3845,94.271576
3846,111.47145
3847,93.54107
3849,78.064804
3853,111.75601
3855,106.936966
3856,93.82369
3864,78.73418
3865,94.02198
3866,112.09585
3867,95.11628
3868,113.30877
3869,93.41842
3871,94.97137
3875,104.7803
3876,93.67509
3878,93.65076
3879,113.0383
3881,113.30877
3883,110.965
3884,95.7514
3886,111.3169
3890,94.35727
3893,111.364586
3897,104.699165
3901,93.46908
3902,111.23985
3913,112.34788
3914,94.10173
3916,93.56652
3917,112.623405
3924,104.14949
3925,94.29767
3928,94.9674
3929,112.39427
3932,92.956116
3933,104.03971
3934,79.184906
3935,93.80604
3936,94.23649
3937,112.16499
3938,93.325615
3939,112.13079
3943,93.087105
3944,112.300156
3945,112.62448
3946,94.71403
3947,112.652374
3948,94.177444
3949,112.25407
3950,94.09386
3951,111.8544
3952,94.00807
3953,112.400566
3961,113.24635
3962,93.54174
3966,94.04384
3967,103.57518
3968,94.73996
3969,113.642586
3970,95.04268
3971,104.20846
3973,93.631996
3974,112.27713
3975,112.72516
3977,93.928535
3979,112.8324
3985,94.16491
3986,103.81661
3988,112.13079
3991,94.33087
3992,104.13225
3993,93.94368
3994,94.31765
3995,112.4988
4005,113.14593
4007,94.30513
4008,103.50346
4009,95.005936
4010,113.14671
4011,78.6219
4012,94.30513
4013,104.17323
4015,112.73482
4016,112.11939
4018,112.78827
4025,94.373184
4026,112.8848
4028,112.43093
4029,95.11438
4031,93.71304
4032,112.55169
4033,93.65018
4034,103.711876
4037,94.42783
4038,102.72336
4039,94.27205
4041,94.259285
4042,111.897644
4043,94.09228
4044,104.03971
4045,94.69268
4046,112.634026
4047,95.03078
4048,103.843704
4049,94.93867
4051,94.33229
4052,112.27713
4058,104.01597
4062,112.608505
4064,112.425446
4067,94.30513
4068,78.52267
4070,93.88873
4072,115.448135
4074,113.87716
4075,93.735596
4076,113.07447
4077,94.14231
4078,112.8848
4080,104.03971
4082,112.39097
4085,94.08917
4086,114.06376
4088,112.8848
4089,94.33449
4092,78.498924
4094,93.9626
4095,112.36607
4096,93.865135
4097,103.7658
4102,94.27745
4105,113.55873
4107,110.79148
4111,94.26522
4112,103.64016
4113,94.7599
4114,113.161514
4115,93.86274
4116,112.340614
4117,94.29339
4118,94.259285
4119,112.08879
4120,94.01487
4122,79.324196
4125,94.08366
4126,112.50986
4129,112.6962
4134,116.93575
4137,94.12063
4141,103.593315
4142,95.57934
4144,94.12639
4145,104.14949
4146,94.377365
4150,93.92777
4151,79.00001
4154,94.30513
4156,94.580986
4157,112.9912
4159,112.11939
4160,94.406044
4161,111.998085
4168,94.72318
4171,103.743744
4172,104.10408
4173,95.11438
4175,93.07843
4176,104.03971
4177,94.12639
4178,101.77237
4179,94.23834
4181,112.68056
4183,95.11438
4184,112.80958
4185,93.91024
4186,112.66018
4188,115.119965
4190,111.34559
4192,93.52845
4193,111.8184
4194,112.32322
4195,94.84729
4196,78.661995
4202,95.11438
4203,103.711876
4208,95.09064
4209,115.30883
4210,94.29462
4211,111.427536
4212,115.96164
4214,105.444275
4215,94.15815
4216,112.73063
4217,93.563446
4219,94.8966
4222,112.16499
4224,78.7988
4231,104.22333
4232,95.11438
4234,94.29462
4236,94.12639
4237,104.01597
4240,94.03249
4242,103.67654
4243,94.8966
4247,93.9331
4248,112.30933
4249,93.92103
4254,102.670654
4263,94.23055
4265,112.39427
4267,112.0258
4268,112.39427
4271,112.81552
4272,94.30513
4273,112.32841
4274,93.91024
4276,93.8715
4278,94.373184
4280,94.8307
4281,112.22482
4283,95.296455
4284,112.44712
4285,94.872375
4286,112.49859
4287,94.23525
4288,118.69795
4289,93.38822
4290,82.16585
4293,93.756485
4296,112.097336
4297,94.28299
4299,93.94273
4303,112.62862
4310,94.73996
4312,103.69973
4318,104.01597
4320,113.067604
4322,94.33185
4323,113.8875
4325,105.45602
4326,112.6962
4328,103.78339
4330,103.711876
4332,112.48166
4333,94.19109
4335,94.25851
4336,111.6724
4338,104.19144
4341,94.27604
4342,103.282135
4344,104.01597
4347,94.41038
4348,104.03971
4351,105.31286
4352,94.30513
4353,113.03887
4355,102.63493
4356,94.08917
4359,103.74835
4360,94.22897
4361,94.23615
4364,94.22628
4365,104.022835
4368,94.86926
4372,94.70012
4374,93.2878
4376,94.32999
4377,103.764565
4380,94.72318
4383,104.255486
4384,94.373184
4385,102.43842
4389,94.308105
4391,94.35619
4392,112.20889
4393,93.73499
4395,94.00798
4396,112.300156
4398,113.06527
4399,105.7914
4401,93.73662
4406,96.14424
4408,103.711876
4412,104.03971
4415,94.166176
4418,112.77241
4419,93.2878
4420,78.52267
4422,112.300156
4423,93.2878
4425,93.70915
4428,112.70401
4431,111.03469
4434,93.40674
4436,94.37753
4437,112.652374
4439,115.80341
4440,94.31573
4441,112.90445
4444,94.716896
4445,105.444275
4446,94.02387
4447,114.168915
4452,103.711876
4456,112.81552
4457,93.95248
4458,112.495316
4460,94.08917
4461,115.80341
4462,94.024864
4465,102.32707
4466,104.68062
4468,95.06872
4469,103.711876
4472,112.68056
4475,94.28535
4478,94.10104
4479,112.39427
4480,93.8792
4483,78.48685
4484,93.83691
4485,103.784744
4486,95.04268
4488,94.26005
4489,103.76062
4490,94.72318
4491,105.669754
4492,94.17174
4493,105.43263
4494,94.29339
4495,102.34183
4498,79.155876
4499,97.04588
4500,103.33579
4503,113.09135
4505,102.32707
4506,93.85644
4507,94.08515
4508,104.01597
4510,112.6962
4511,93.48961
4513,95.09634
4516,78.95494
4519,93.68487
4521,94.05088
4531,94.31573
4532,78.518394
4533,122.397064
4534,115.55957
4536,104.01597
4537,93.95248
4539,93.88213
4542,102.33017
4545,93.33947
4549,93.65017
4551,93.92777
4554,103.813774
4556,112.270454
4559,112.4988
4561,112.38295
4562,111.350204
4566,112.071846
4569,93.92777
4570,112.300156
4573,94.23055
4574,102.32707
4575,94.13431
4577,94.23055
4578,112.16499
4580,114.46097
4582,93.837906
4583,112.300156
4585,94.72318
4587,104.01597
4595,93.37673
4596,112.83697
4601,94.51506
4602,112.57124
4603,94.72318
4605,113.08621
4606,93.70775
4607,113.72625
4608,94.186615
4610,94.9674
4613,103.711876
4617,93.5105
4618,112.14193
4619,93.52845
4620,94.488014
4622,104.39371
4625,94.08917
4626,104.01597
4627,94.72318
4629,93.44119
4631,93.91024
4633,104.01597
4634,114.50354
4635,93.851204
4639,94.15871
4640,103.72883
4642,103.57518
4644,112.147934
4646,104.01597
4647,95.03078
4648,79.11999
4649,93.92777
4650,112.93619
4655,93.65017
4660,94.039635
4661,115.59812
4662,93.78106
4663,112.58152
4665,94.487015
4666,112.53679
4667,103.57518
4668,94.8966
4670,93.74632
4671,112.50539
4672,94.93867
4673,103.711876
4675,103.93909
4676,94.604996
4677,111.91156
4680,94.780685
4682,94.09386
4683,112.66305
4685,104.03971
4686,93.86547
4688,112.57496
4690,111.830376
4692,112.26798
4693,93.35252
4697,93.7442
4700,111.396286
4702,111.52186
4707,116.615326
4708,94.13723
4710,78.730675
4716,103.2882
4717,94.82874
4718,94.44198
4720,95.01546
4721,79.10433
4723,94.77259
4726,112.67254
4727,93.61515
4729,94.18651
4731,94.46432
4732,112.4859
4735,94.555305
4736,103.71712
4737,94.87177
4738,112.235016
4739,112.26671
4744,103.73724
4747,94.31146
4749,114.47975
4750,94.13723
4752,112.551895
4755,94.78802
4756,103.74001
4757,113.049644
4758,94.87177
4759,102.629295
4763,94.82874
4764,102.47121
4765,94.05087
4766,94.74972
4767,112.34381
4769,112.68538
4770,94.608864
4771,79.128525
4772,104.16456
4774,112.57496
4776,112.595566
4777,112.466
4778,94.50442
4780,94.550064
4784,94.500046
4786,95.04777
4787,78.51617
4788,95.528206
4789,112.551895
4791,104.03473
4792,94.03359
4795,112.38512
4796,93.45581
4803,93.62759
4805,95.01546
4807,93.11477
4809,93.53524
4816,94.19648
4817,79.298225
4818,93.41002
4820,94.42064
4821,102.76469
4823,112.744255
4824,94.12451
4825,112.75156
4829,102.20654
4830,95.26297
4831,113.84717
4833,104.662025
4836,94.08169
4837,112.57496
4838,93.180336
4840,93.95086
4841,78.52085
4842,93.10844
4843,112.32415
4844,93.2105
4849,107.89173
4851,103.86938
4852,93.68751
4858,93.587
4860,95.26297
4863,112.68538
4864,94.971924
4865,112.40922
4867,113.03788
4868,93.38908
4869,112.5019
4873,93.40558
4875,95.175865
4876,112.146675
4877,94.08118
4878,112.243645
4880,78.51617
4886,112.55775
4888,103.7251
4889,95.04519
4890,112.771805
4893,94.24876
4895,94.29366
4896,104.16456
4899,94.25195
4901,94.555305
4902,112.700424
4903,94.2727
4904,112.551895
4910,93.45617
4912,93.385254
4915,95.0473
4916,103.63366
4917,94.27832
4920,104.16456
4927,103.705376
4928,93.95785
4931,103.705376
4934,92.976685
4936,94.160095
4939,112.77721
4942,111.98218
4943,95.26297
4944,102.63056
4945,94.24722
4947,112.22544
4948,93.61995
4951,94.27861
4952,112.551895
4953,94.024765
4956,94.2727
4957,114.07475
4958,94.23938
4960,94.27861
4968,94.485985
4969,102.28673
4971,103.542206
4973,112.57496
4975,113.1437
4976,94.29536
4978,93.53524
4979,112.53402
4982,94.68676
4983,110.520805
4984,96.85987
4985,116.615326
4986,93.55808
4987,113.49809
4988,94.76495
4994,94.28394
4995,95.126274
5002,78.79655
5004,93.56046
5005,103.475395
5006,94.27498
5007,102.11831
5009,112.61377
5011,112.57496
5014,94.069145
5015,103.45992
5018,93.68234
5019,112.38512
5020,92.89141
5021,110.5134
5022,94.140366
5023,93.76942
5025,95.26297
5032,93.76942
5034,95.131165
5036,93.38849
5038,94.500046
5039,112.89177
5046,95.0368
5049,112.38512
5051,94.5843
5052,93.2389
5053,112.57496
5054,95.26297
5055,94.818115
5057,94.000534
5059,93.72987
5062,96.17384
5063,112.53154
5065,112.64006
5069,93.950516
5071,95.22118
5074,113.241264
5075,93.47272
5076,112.341415
5077,78.51617
5079,103.45992
5080,94.93286
5081,112.57496
5083,103.39494
5088,104.28084
5089,94.23102
5093,110.520805
5094,103.64913
5095,94.23102
5099,111.63224
5101,112.744255
5103,102.55923
5104,93.62018
5105,110.76278
5107,93.570465
5108,113.16214
5109,93.81675
5111,94.14085
5112,112.243645
5113,93.94096
5114,110.312675
5115,94.50008
5118,93.97119
5122,95.26297
5123,78.82113
5125,94.141914
5127,102.812515
5128,94.53172
5129,115.05196
5132,94.27498
5134,113.039215
5135,94.141914
5137,111.59296
5142,93.77868
5143,103.74567
5144,93.81901
5148,93.01657
5149,93.896996
5150,104.24352
5154,78.51617
5155,94.11731
5159,93.01215
5164,93.62106
5165,113.85211
5166,93.53524
5167,112.64503
5169,93.36698
5171,93.81448
5172,112.744255
5176,94.635895
5184,110.69149
5185,94.43846
5186,112.297615
5188,104.14877
5189,112.100586
5190,93.59168
5191,113.85211
5193,112.744255
5196,94.818115
5199,78.440384
5200,103.748985
5203,92.94652
5204,112.205086
5205,93.54178
5207,94.34483
5208,105.91724
5212,94.17636
5214,94.1304
5218,93.36709
5220,94.48044
5222,93.61515
5224,95.493706
5225,104.16456
5227,110.95295
5229,103.97929
5232,93.58364
5233,116.76348
5234,103.73083
5237,112.551895
5239,112.56303
5240,93.29533
5241,112.38512
5244,93.35866
5248,112.73455
5251,93.29533
5253,94.13723
5255,94.30664
5256,102.081535
5257,94.3417
5259,95.4403
5260,111.08434
5266,94.43238
5268,94.24963
5275,112.57496
5276,111.66743
5277,95.63269
5279,94.30664
5280,103.97929
5281,94.87177
5283,95.94797
5284,78.510284
5285,95.126274
5286,103.76254
5287,94.26717
5289,93.94499
5290,112.744255
5292,105.0945
5293,94.956604
5294,103.56628
5297,93.557304
5299,103.605156
5302,94.20213
5305,78.34151
5306,94.30664
5308,94.44957
5309,94.10631
5310,112.9969
5312,112.77612
5316,111.92128
5317,95.05119
5319,78.97414
5320,95.26297
5323,93.65754
5329,113.11067
5331,112.26671
5334,112.1724
5336,112.744255
5338,104.1883
5341,94.139366
5345,94.48866
5348,94.2727
5349,113.16822
5355,103.863976
5356,94.267006
5360,103.778244
5362,112.12374
5364,112.40468
5366,103.839874
5367,94.55735
5368,94.36739
5370,94.47998
5371,78.51617
5373,103.47156
5375,112.551895
5376,93.180336
5378,112.40468
5379,94.4827
5383,93.88339
5384,102.833664
5389,112.64677
5391,78.51617
5393,112.6685
5395,112.92065
5397,112.61259
5398,93.67635
5399,112.90087
5401,116.718094
5402,93.95453
5403,112.78409
5404,94.42237
5407,78.655495
5408,94.61567
5413,111.52957
5414,93.99876
5417,94.79505
5418,105.0945
5420,113.02631
5421,93.59018
5424,93.85996
5425,112.205086
5426,94.416756
5429,112.97043
5431,94.01103
5437,102.01867
5440,93.289116
5444,104.82877
5446,103.63366
5447,94.26697
5451,94.335205
5452,112.29099
5455,103.73083
5456,94.238365
5458,93.67389
5459,112.42246
5460,94.2956
5462,94.87177
5463,111.895836
5464,93.45581
5465,114.191475
5466,95.24493
5467,103.705376
5468,94.23135
5469,112.73273
5472,94.26687
5474,93.071175
5475,111.01856
5476,95.126274
5479,103.97929
5480,112.52887
5482,112.78306
5485,94.63991
5486,116.8767
5488,78.794334
5495,103.97929
5496,94.4827
5497,112.15991
5499,112.25879
5503,93.335266
5504,94.2073
5507,95.26297
5509,93.66664
5511,93.84723
5512,112.0926
5516,112.505806
5517,95.43953
5518,103.90595
5521,94.104805
5522,104.94391
5527,95.24493
5528,94.42064
5529,112.05125
5532,96.31375
5533,111.80478
5535,103.98769
5536,104.05625
5540,94.29326
5547,94.39421
5548,112.35952
5550,78.4931
5551,93.9855
5554,112.65978
5555,94.091896
5559,112.52192
5560,93.9907
5561,112.3203
5562,93.18779
5563,112.984406
5565,78.45483
5566,94.07636
5567,103.67978
5568,94.87177
5572,94.87177
5574,94.06898
5576,93.6869
5579,112.50636
5580,78.924644
5581,95.07135
5583,94.42632
5584,112.13266
5586,112.73756
5587,94.03931
5589,102.35213
5591,102.01481
5592,94.00556
5593,112.38095
5594,95.01026
5595,78.732056
5596,112.57496
5597,112.262146
5598,116.464775
5599,94.24722
5602,112.7572
5603,95.01026
5605,93.811424
5607,94.05663
5608,112.722404
5609,93.955154
5610,94.01133
5612,94.056725
5613,112.07499
5614,93.9822
5616,94.33162
5621,95.04519
5623,93.97001
5628,113.452
5629,94.238365
5631,94.55694
5633,102.085846
5638,103.76926
5639,93.91787
5640,104.15445
5645,94.34266
5646,79.04732
5649,94.28884
5653,112.51833
5655,113.04531
5656,94.27861
5658,94.104805
5662,116.8767
5663,93.80528
5667,95.078804
5670,94.24722
5671,102.32906
5672,93.91787
5673,102.61255
5674,94.02009
5675,102.389595
5676,94.411674
5679,112.52887
5683,112.50167
5687,94.98652
5688,78.492424
5690,94.62112
5691,112.48845
5692,93.53649
5693,111.89164
5694,94.84871
5697,112.41673
5698,93.86089
5699,112.52887
5704,94.43238
5707,112.52887
5709,103.85004
5710,94.08769
5714,94.335205
5718,94.026405
5721,94.160095
5723,94.500046
5724,112.64006
5725,94.13723
5726,111.876945
5729,95.26297
5730,103.90595
5731,94.295685
5733,78.49278
5736,93.762985
5741,102.30031
5745,112.35952
5747,94.013664
5748,103.94235
5750,112.4938
5751,93.70996
5752,94.238365
5754,93.96243
5755,94.27944
5757,94.66365
5758,116.62355
5760,102.48905
5762,102.27314
5766,111.7337
5768,95.26297
5769,116.76348
5770,94.42998
5771,112.75053
5772,93.54479
5773,111.67365
5774,94.17366
5776,93.663925
5777,112.52887
5778,94.041214
5780,112.86617
5782,94.202446
5783,77.41284
5784,95.26297
5786,94.68853
5788,94.84204
5789,113.06133
5790,94.29724
5791,103.95369
5793,105.34025
5794,94.28394
5796,116.58973
5797,93.91104
5801,94.75734
5803,94.98652
5804,113.22741
5805,94.056725
5806,78.51617
5808,112.35952
5813,94.43238
5815,95.17937
5816,103.64213
5822,94.25959
5823,112.52887
5825,105.95735
5827,112.219765
5829,102.32906
5830,93.87146
5831,112.38252
5832,94.1189
5833,112.35952
5837,113.47507
5838,94.0053
5839,94.70816
5842,104.15445
5844,112.41673
5845,103.811584
5846,113.08405
5848,78.51617
5850,113.20695
5851,93.94942
5853,95.26297
5854,103.67978
5858,104.15445
5860,112.41673
5864,102.55146
5866,95.19614
5867,112.52887
5868,93.90744
5869,112.64291
5870,94.28963
5871,113.07076
5874,113.826515
5876,112.22638
5877,93.46459
5878,93.93218
5879,112.35952
5880,92.97267
5884,94.013016
5886,112.205086
5890,104.91934
5896,94.215355
5897,102.45429
5898,95.26297
5901,103.78096
5903,112.57496
5906,94.01133
5908,112.52887
5909,93.87509
5910,112.07499
5911,94.40864
5912,112.37908
5914,113.826515
5919,112.57496
5924,94.68676
5926,94.160095
5929,103.839455
5930,94.555305
5932,95.01546
5933,112.93779
5934,94.394394
5935,112.08319
5936,93.65065
5937,113.98432
5938,94.83825
5939,111.32796
5942,112.06053
5943,94.194466
5944,103.87477
5946,112.505806
5951,93.36589
5953,102.395454
5954,94.26178
5957,103.71424
5961,93.712395
5962,104.04996
5964,79.70359
5965,94.810684
5968,113.6348
5969,93.65348
5974,93.86447
5975,112.369156
5978,78.35025
5981,103.71424
5982,94.00887
5983,116.64102
5989,112.52987
5991,93.91709
5992,102.41446
5995,94.17645
5996,102.572975
5997,111.37228
5998,93.54815
5999,78.18652
6001,112.17131
6002,93.36464
6003,111.61963
6004,94.26178
6006,112.18737
6007,93.68018
6011,104.4449
6012,103.48807
6014,94.23804
6015,102.69952
6016,94.70117
6017,112.177536
6018,95.09237
6024,94.24107
6025,104.66781
6026,112.70517
6028,112.66715
6029,78.46115
6030,93.968864
6036,113.6348
6040,94.056725
6041,112.45523
6042,93.79901
6044,94.28312
6045,103.76198
6047,104.7522
6048,93.84949
6049,111.78742
6051,116.28243
6052,112.262856
6053,93.23942
6054,112.212875
6058,103.81675
6059,94.053856
6062,95.09237
6063,116.41913
6064,103.50475
6065,94.056725
6067,94.31963
6068,112.52695
6070,102.662895
6071,104.65971
6072,112.013374
6080,112.013374
6081,93.84949
6084,104.04996
6087,94.24554
6089,105.96892
6092,112.013374
6094,94.164604
6095,112.55385
6097,113.488495
6100,93.78509
6104,105.44153
6105,93.78725
6106,111.79619
6107,78.510284
6108,93.97738
6109,112.013374
6110,93.23775
6114,112.013374
6116,92.817665
6117,102.36588
6118,94.000046
6123,78.345566
6125,112.55385
6128,111.79902
6130,102.3468
6132,112.499626
6137,78.35025
6139,113.053375
6140,94.25177
6141,113.442406
6142,103.489586
6144,107.437256
6145,94.905655
6146,93.46038
6149,93.78374
6156,95.72177
6159,113.09922
6160,94.25177
6162,103.94401
6164,112.11635
6165,93.17075
6168,78.3225
6169,112.16781
6170,94.29707
6171,112.434814
6172,93.088394
6173,112.70383
6176,95.09237
6177,93.46997
6178,94.19759
6180,94.17423
6181,103.76198
6182,95.491486
6185,93.85965
6186,112.455925
6188,112.38985
6189,94.29372
6192,104.04996
6193,94.023865
6194,103.76198
6195,94.3802
6196,115.707634
6197,93.7947
6201,112.22502
6202,93.84073
6203,112.48757
6204,93.78725
6207,116.8767
6209,94.51616
6210,93.080986
6211,113.81372
6213,112.46807
6216,93.088394
6217,93.26559
6219,94.056725
6222,78.48489
6223,93.88405
6235,95.09237
6240,93.90576
6242,94.556015
6247,93.84949
6251,112.72589
6254,112.35076
6255,95.07103
6260,102.50018
6261,94.23804
6262,103.56428
6264,112.599396
6269,103.615685
6271,103.57352
6275,112.170235
6276,93.91485
6278,93.94326
6279,112.16781
6281,111.86623
6284,93.86076
6286,94.47015
6287,78.243515
6288,93.97131
6292,93.598816
6293,93.78725
6295,93.34436
6298,112.18737
6300,112.17131
6304,103.76198
6308,112.050674
6310,94.64838
6312,112.013374
6320,94.125084
6324,94.12442
6325,112.58366
6330,94.90091
6336,111.1461
6340,103.64631
6341,95.09237
6342,102.78321
6344,94.06157
6345,112.80852
6347,112.16781
6348,94.524284
6349,112.18737
6351,78.345566
6353,112.554634
6354,93.78725
6357,94.28518
6358,103.99612
6360,102.20839
6363,113.452
6364,93.41304
6368,111.071526
6370,92.913246
6371,93.39122
6377,93.31363
6379,92.985245
6381,93.4968
6382,77.869865
6383,111.08918
6388,111.05723
6390,110.87712
6392,101.377655
6393,93.40086
6395,93.42321
6398,102.93184
6401,77.869865
6402,93.14871
6403,110.663246
6405,93.30518
6406,92.76698
6407,111.262
6409,103.094795
6411,91.68914
6413,93.33484
6416,103.30385
6417,92.79671
6418,93.225624
6419,115.57675
6420,110.81755
6426,111.49256
6429,92.90398
6430,93.13706
6431,110.663246
6432,93.66648
6434,93.5516
6437,111.476776
6438,93.19992
6439,102.93148
6440,93.250694
6441,93.25607
6442,110.44906
6443,94.34544
6445,92.86678
6448,111.262
6450,110.88927
6453,93.95409
6455,92.759346
6457,93.043816
6458,111.87923
6461,93.40363
6464,111.30458
6467,92.66516
6469,93.77679
6470,77.788025
6471,93.45486
6473,102.81785
6474,93.13706
6479,93.40363
6481,93.12518
6484,110.87712
6495,93.25713
6496,113.90571
6505,110.41038
6506,93.76269
6508,93.79483
6509,93.216324
6510,102.88578
6512,102.81785
6513,93.262436
6514,111.57409
6515,93.353226
6519,93.600075
6521,92.90642
6523,77.869865
6525,103.17482
6526,93.20281
6528,93.2125
6529,111.77098
6531,102.79013
6533,103.07134
6534,93.209465
6535,111.262
6536,92.50957
6537,111.90956
6540,93.21388
6541,111.08918
6547,93.112
6548,111.33277
6551,111.63784
6553,110.699066
6555,103.095085
6556,93.79483
6561,77.870224
6564,92.977356
6565,111.262
6568,92.84109
6569,110.44906
6573,102.723045
6574,93.40363
6577,111.14609
6579,113.33322
6581,92.85657
6582,110.663246
6585,103.89703
6586,93.77349
6589,101.58407
6590,78.00919
6593,93.28033
6594,111.07437
6595,93.14253
6599,92.11671
6600,93.50283
6601,110.774925
6602,92.73547
6603,111.262
6604,93.29773
6607,102.96335
6608,104.45912
6609,93.40363
6611,92.70441
6613,110.44906
6614,93.32339
6616,93.26473
6617,110.44906
6618,93.262436
6619,101.44188
6621,103.095085
6627,104.30264
6629,111.20888
6631,77.869865
6634,93.42321
6636,93.262436
6638,92.84109
6639,110.44906
6641,111.262
6642,93.68952
6651,113.44353
6654,78.145996
6657,92.9741
6663,92.80248
6665,111.03396
6666,93.2092
6668,93.262436
6669,103.095085
6670,92.75458
6671,93.60321
6673,93.74476
6675,92.826324
6676,77.869865
6677,93.33484
6679,93.24239
6680,110.81163
6681,102.88578
6685,102.88578
6688,93.216324
6689,93.14253
6690,110.75074
6692,110.44906
6693,93.5408
6694,93.17489
6698,115.57675
6699,92.85621
6700,110.07035
6701,93.043816
6702,110.83443
6704,93.14253
6707,110.442245
6712,111.30809
6713,93.79794
6715,93.31334
6721,110.41067
6722,93.134254
6723,112.1214
6724,93.22772
6725,115.57675
6731,111.04042
6735,77.919556
6736,93.31334
6737,107.23717
6738,93.689476
6739,101.58339
6741,101.86666
6743,93.11529
6745,93.262436
6747,111.3763
6749,92.91272
6750,102.949684
6751,114.962494
6752,93.41241
6753,110.44906
6755,112.84934
6756,92.95944
6757,102.81785
6759,110.484634
6761,93.4968
6763,93.45486
6764,115.46353
6765,92.97736
6766,110.09683
6768,111.10874
6771,93.14253
6773,93.07983
6774,92.66471
6778,103.529945
6779,93.98766
6781,92.23492
6784,93.27114
6786,92.72153
6787,111.669785
6790,92.79772
6793,103.17243
6795,110.46605
6798,111.32157
6806,103.07916
6807,92.84535
6810,93.21045
6815,109.64623
6816,92.82168
6817,101.0871
6818,93.28098
6819,103.094795
6820,92.84535
6822,93.23776
6823,114.94566
6824,111.10617
6825,93.45357
6828,77.42774
6829,111.30018
6831,109.813644
6832,92.588905
6833,111.10824
6834,93.45486
6836,94.11572
6837,111.30809
6838,93.18614
6840,101.654106
6843,92.41061
6845,92.529655
6846,92.6505
6847,111.10824
6851,111.90858
6852,92.930336
6853,112.6776
6858,93.18874
6861,111.39329
6863,110.791916
6864,78.00919
6865,93.704475
6866,111.30809
6867,93.782036
6868,102.61778
6869,93.249115
6870,111.10617
6874,109.64623
6875,93.14471
6877,111.12573
6878,93.20034
6880,93.40821
6883,110.440704
6884,93.0054
6886,93.59404
6890,93.41849
6893,109.53743
6894,92.580536
6899,111.12573
6900,92.913246
6904,93.164856
6905,109.86915
6906,93.210396
6910,93.09203
6912,101.269905
6913,111.60609
6920,92.599075
6922,93.0143
6923,110.46605
6926,92.72938
6927,109.52472
6928,92.656746
6931,109.75958
6933,93.06187
6936,92.7798
6937,111.30809
6939,112.80657
6941,93.13903
6942,111.75826
6943,93.26823
6944,101.095215
6945,93.163
6946,110.92818
6947,115.059296
6949,103.094795
6951,103.094795
6953,111.13328
6954,92.90391
6955,111.72251
6963,109.648094
6964,92.8768
6966,93.4968
6968,92.599075
6970,102.88578
6972,111.66643
6976,110.56516
6978,111.30809
6981,102.47902
6985,102.939606
6986,92.92341
6987,110.71817
6989,111.40346
6991,114.94566
6993,112.08821
6994,93.267685
6995,111.0121
6996,93.841705
6997,111.49377
6998,78.31805
7001,109.69418
7003,111.52472
7006,92.901276
7008,102.911125
7010,92.529655
7011,92.83766
7012,112.69294
7013,93.160736
7014,109.323814
7017,101.460686
7018,93.27943
7019,92.47646
7023,93.163
7024,101.15222
7025,92.8773
7026,111.279655
7027,93.262375
7028,112.00246
7030,110.46605
7031,92.80164
7033,113.04841
7036,92.95509
7037,93.17539
7039,93.21045
7044,93.4968
7045,111.30809
7046,95.48643
7049,102.62464
7050,93.95478
7051,102.88578
7054,109.23176
7055,93.22382
7057,92.91776
7060,111.12573
7061,93.81182
7063,92.20501
7064,109.5299
7067,93.40821
7071,92.696625
7074,103.12718
7075,93.35183
7078,111.30809
7079,93.14253
7080,113.152565
7081,93.335976
7082,111.30809
7083,93.15117
7085,111.33486
7092,103.094795
7094,92.87955
7100,93.0305
7101,109.34222
7102,111.30809
7104,109.933266
7105,93.81182
7106,93.12642
7107,101.29614
7108,77.67146
7109,92.662674
7110,111.30809
7112,93.082115
7113,102.88578
7114,92.92521
7116,111.30809
7117,93.81182
7118,102.762
7120,93.16115
7121,101.642715
7123,101.707535
7124,93.992
7127,104.63714
7131,101.707535
7132,93.28098
7133,92.55956
7134,110.20293
7135,92.971504
7136,110.88772
7137,92.599075
7141,93.05221
7144,103.094795
7147,109.861275
7148,93.25532
7150,92.02142
7151,93.16115
7152,102.72566
7154,92.99581
7156,93.72822
7157,102.52892
7159,115.059296
7161,93.71638
7163,93.300766
7164,102.8204
7167,77.89556
7169,102.591736
7170,93.49354
7173,93.300766
7174,102.67082
7177,109.87342
7178,103.49885
7179,93.300766
7180,77.68854
7181,111.10617
7182,93.162964
7184,93.27943
7185,111.49377
7186,91.63912
7187,113.922844
7188,93.114174
7189,111.53183
7191,103.01355
7193,109.69418
7197,95.25397
7199,92.84091
7200,111.30809
7201,92.971504
7204,92.913246
7207,110.66856
7209,110.791916
7210,93.213585
7211,103.11272
7213,93.018906
7214,111.49377
7216,111.49377
7217,93.65474
7220,111.0121
7224,110.46605
7225,92.961464
7226,111.49377
7227,93.1808
7234,111.49377
7236,77.834045
7239,102.986305
7240,93.60321
7242,113.313194
7244,111.09243
7245,92.5883
7247,110.738594
7248,92.6525
7249,115.042305
7250,111.45303
7251,93.014656
7252,111.484
7253,78.00919
7256,93.382286
7260,93.45486
7261,111.22541
7264,93.363205
7269,111.32835
7270,93.13375
7273,111.10874
7279,92.21519
7281,111.08918
7284,93.1886
7285,112.09166
7286,115.042305
7287,92.718475
7289,93.262436
7292,92.792786
7293,111.262
7296,92.37743
7297,110.58174
7298,93.164856
7299,111.985794
7301,101.790215
7304,111.28087
7306,114.94048
7308,93.262436
7309,101.255135
7312,92.792786
7313,78.00919
7314,93.443115
7316,93.09188
7319,112.90189
7321,93.04008
7323,93.59767
7324,101.86193
7325,93.33484
7328,102.6332
7330,77.98545
7334,93.33484
7337,111.476776
7338,93.28073
7339,93.02403
7341,92.85606
7342,111.476776
7344,111.30635
7345,111.58869
7347,109.67719
7349,111.08918
7350,94.72152
7353,112.355675
7355,110.7783
7356,93.64135
7357,113.0018
7358,93.38192
7360,93.18121
7363,102.66855
7364,93.24173
7366,92.99217
7368,93.0901
7369,110.29365
7370,93.10754
7373,93.25607
7374,111.00125
7375,93.20281
7377,93.40363
7379,92.86381
7380,115.46353
7382,112.879974
7383,93.502075
7385,93.186165
7386,102.81785
7391,93.14637
7394,106.20861
7396,111.45303
7397,92.97658
7399,93.40363
7400,102.988
7403,77.98545
7405,110.81163
7408,111.86361
7414,110.774925
7416,102.578926
7417,93.12823
7419,93.531494
7420,105.93746
7421,93.342545
7422,93.1281
7423,102.689674
7425,78.00919
7430,93.24829
7432,92.86678
7433,93.287415
7434,110.83561
7436,109.073845
7437,92.860306
7438,102.69604
7440,102.96292
7441,92.85014
7442,111.67664
7445,111.33692
7446,102.74683
7448,110.440506
7450,103.10204
7451,93.23869
7454,111.23935
7455,92.604324
7457,112.15492
7459,102.74683
7462,92.74222
7464,93.23869
7465,111.010216
7466,92.76042
7467,110.74736
7469,111.56868
7472,93.250694
7473,110.44906
7479,93.33484
7480,103.094795
7484,110.41038
7491,93.14392
7494,102.97025
7495,93.08918
7501,93.31878
7503,93.19346
7504,102.88578
7505,93.29773
7508,111.30458
7509,92.896034
7510,78.00919
7511,111.071526
7515,92.91955
7516,103.34028
7517,92.997536
7518,103.25458
7519,93.14392
7521,93.23447
7522,103.12718
7524,102.80851
7526,102.43973
7527,93.01307
7528,101.48455
7529,93.2125
7534,110.64469
7537,111.26713
7538,93.65552
7540,92.97181
7541,111.3945
7545,111.08918
7551,111.589096
7553,93.216324
7554,101.40703
7555,93.469086
7561,110.787125
7562,93.22382
7564,92.70868
7565,103.15405
7566,93.349976
7567,111.570274
7569,101.44937
7570,93.15621
7571,113.44353
7572,92.74541
7574,102.8393
7578,111.07437
7579,93.24239
7586,93.120125
7587,78.129684
7590,93.250694
7593,110.44906
7594,92.99728
7595,93.349976
7600,92.7879
7601,77.96882
7602,93.06756
7603,112.4506
7604,92.81555
7606,92.983864
7608,111.589096
7613,77.869865
7615,111.02071
7616,109.16111
7617,112.90291
7618,93.01307
7619,102.88578
7622,93.394516
7623,101.790215
7624,93.21086
7625,102.98974
7626,93.216324
7627,101.96628
7628,76.90952
7631,103.24509
7632,102.88578
7633,93.57705
7634,114.22575
7635,93.10025
7636,111.476776
7637,111.476776
7639,92.7879
7640,77.869865
7644,111.30809
7645,93.06756
7648,103.16362
7649,92.80077
7650,111.08918
7652,111.010216
7653,93.46079
7655,93.5672
7659,110.76338
7662,94.41722
7664,93.13903
7666,95.19145
7668,93.11981
7669,111.4421
7670,93.26074
7672,93.030685
7673,110.29365
7678,92.706535
7679,78.14803
7680,103.07134
7683,92.616425
7685,115.042305
7688,93.262436
7690,109.16111
7692,93.0939
7693,93.54758
7695,111.476776
7696,93.20281
7698,93.06689
7699,111.11649
7702,92.73377
7703,111.476776
7704,92.96567
7707,111.071526
7713,77.869865
7715,102.7259
7717,110.83429
7718,93.24829
7719,102.69082
7721,111.77256
7722,93.60337
7725,101.07236
7727,101.9604
7730,78.45753
7733,93.132614
7735,101.790215
7740,111.476776
7741,111.09243
7742,92.786354
7744,111.31388
7747,93.08918
7750,77.869865
7752,112.343216
7754,112.5511
7756,105.834656
7757,93.56776
7758,104.54214
7760,103.07134
7761,93.349976
7763,111.020546
7765,93.33484
7767,111.476776
7768,93.7446
7771,93.46342
7773,93.14315
7774,117.28535
7776,102.92537
7779,92.85014
7783,92.39433
7786,104.583496
7787,93.45613
7789,92.7878
7791,93.2125
7793,93.11116
7794,111.39293
7795,92.85882
7799,78.00919
7800,110.50012
7802,93.04111
7805,110.470856
7807,101.467575
7808,93.3481
7811,103.094795
7817,109.16111
7818,102.88578
7819,93.23869
7822,92.81555
7823,110.92526
7825,109.999016
7828,92.95848
7832,93.45486
7833,78.3509
7834,111.38647
7835,93.33447
7837,93.349976
7840,92.04368
7842,93.4968
7843,110.39709
7844,93.250694
7846,93.349976
7850,93.143555
7853,111.262
7855,111.647
7858,92.82881
7863,110.81899
7865,111.30809
7866,92.76293
7868,92.94553
7869,110.709045
7871,77.89556
7872,101.02399
7874,101.78914
7877,112.02794
7878,93.06756
7879,109.45059
7881,93.06328
7883,93.29365
7885,102.65815
7886,93.216324
7889,93.923584
7890,103.21071
7891,93.310234
7893,93.192566
7894,101.49947
7896,111.08918
7898,102.60294
7901,92.74783
7902,109.67719
7904,112.13361
7905,93.2148
7906,114.81875
7909,93.262436
7910,101.790215
7913,93.072266
7918,111.15508
7919,92.971504
7923,93.18665
7925,93.14416
7927,92.43052
7930,92.66285
7932,93.48994
7933,93.210396
7935,93.064545
7939,102.71031
7942,92.88339
7943,110.79193
7945,102.86624
7946,93.0901
7948,93.20281
7949,110.44906
7950,92.80328
7951,111.476776
7955,102.64255
7959,93.24173
7960,111.476776
7961,92.74277
7962,102.64219
7964,102.907074
7965,93.51838
7966,111.30809
7967,102.67916
7968,93.764885
7971,102.63487
7974,92.971504
7976,106.19714
7978,111.16429
7982,111.476776
7983,93.262436
7984,103.094795
7986,92.993904
7989,110.44906
7991,109.67719
7992,111.27288
7993,92.53239
7994,111.30809
7995,93.45486
7997,93.693695
7998,103.094795
7999,109.16111
8002,93.4968
8007,93.06036
8009,92.93242
8011,93.06036
8013,93.55188
8015,102.97626
8017,111.92895
8019,115.042305
8023,92.7878
8024,111.476776
8026,111.63784
8027,93.1766
8029,93.283775
8030,111.07712
8031,92.98546
8033,93.72305
8035,93.30139
8036,104.42132
8039,104.669395
8042,92.584915
8044,93.46079
8046,78.36888
8048,111.66376
8049,93.2148
8050,103.0737
8053,92.82852
8054,93.512924
8059,92.7879
8061,92.85327
8062,110.645874
8064,111.10874
8066,102.69885
8067,93.22695
8068,93.3296
8070,93.33484
8071,111.262
8072,92.96154
8076,92.952446
8080,92.83382
8081,111.030556
8084,103.442215
8087,111.76411
8089,92.328575
8090,115.46353
8091,103.07105
8094,112.26426
8100,92.800804
8101,93.600075
8110,93.29459
8111,109.67719
8112,93.29806
8115,111.280426
8116,92.963425
8118,111.10874
8121,115.57675
8125,110.72196
8127,111.22329
8128,92.58496
8129,109.67719
8131,92.99423
8138,93.1267
8139,101.880135
8140,92.7879
8141,93.14315
8142,110.933136
8143,110.50326
8145,111.63784
8146,93.36774
8148,110.774925
8153,110.787125
8154,92.74928
8155,113.43288
8161,93.07893
8162,111.525856
8163,92.896034
8166,112.41673
8168,112.73686
8170,93.80767
8172,110.97344
8173,93.81967
8176,104.07275
8179,94.02009
8181,94.84871
8182,116.304115
8184,112.53232
8190,104.217926
8191,93.84441
8194,113.10172
8196,112.54969
8198,112.35566
8199,112.505806
8201,111.72941
8202,92.7879
8207,93.51838
8208,109.67719
8211,110.81899
8214,109.55997
8217,92.85014
8218,110.70653
8222,93.0611
8229,104.10012
8231,93.07857
8233,94.303276
8236,92.85014
8238,111.476776
8240,101.32137
8243,102.72828
8246,110.77705
8250,93.0172
8254,93.60337
8256,77.84612
8257,111.02928
8258,93.01662
8260,93.262436
8261,111.997604
8263,113.313194
8264,91.9746
8267,110.2815
8268,92.718475
8271,92.926056
8272,109.67719
8275,94.796486
8276,93.576935
8277,104.3291
8278,115.042305
8279,94.309105
8280,110.29365
8281,93.216324
8282,110.90371
8287,111.11649
8288,92.971504
8289,112.13686
8294,93.2703
8296,93.16689
8299,111.272835
8302,103.094795
8308,111.63809
8314,102.64219
8315,93.42365
8316,111.50444
8317,93.12218
8319,111.05663
8320,92.55995
8321,115.57675
8323,93.19346
8325,93.07893
8326,110.75238
8328,109.67719
8330,110.71867
8331,93.39929
8332,112.40632
8334,93.01307
8338,92.950294
8339,93.216324
8341,93.17502
8345,111.262
8346,93.40363
8347,102.65393
8349,93.24302
8351,93.07893
8352,111.18996
8353,109.67719
8355,112.6293
8358,109.16111
8359,112.09104
8360,93.07566
8361,111.242775
8363,102.58627
8364,93.283775
8365,93.65986
8366,102.88578
8370,110.33707
8372,93.192566
8376,93.621414
8377,111.77
8379,110.40783
8380,93.09676
8381,111.16028
8386,92.37932
8388,101.60226
8389,93.57534
8391,111.63949
8394,93.60337
8396,102.73528
8398,101.455154
8400,112.17311
8401,92.69827
8404,93.17502
8407,93.1281
8408,111.08918
8409,109.98398
8410,102.92763
8411,92.97848
8413,92.78848
8414,110.81755
8416,92.81555
