id,y
1,78.52878
2,97.003136
3,78.43324
4,78.38385
5,107.904205
8,92.94556
10,111.64678
11,93.51998
12,118.910614
14,90.91756
15,118.21996
16,109.507416
17,93.46308
19,92.99582
20,109.587265
21,93.39939
22,116.22847
23,93.324524
26,93.44385
28,93.36482
29,93.324524
33,93.324524
35,93.15433
41,93.35561
42,91.5226
43,119.11426
45,103.560356
46,107.91432
51,92.989716
53,77.76414
55,114.62829
56,93.50572
57,102.66603
58,93.35948
59,108.15163
63,116.546036
64,92.99225
65,113.25563
69,90.937645
71,92.47827
72,101.69685
73,92.97626
76,108.14791
77,105.41033
78,115.8322
82,92.9949
83,113.25563
84,96.28671
85,102.381615
87,109.6503
88,93.35561
89,114.132935
91,93.23327
93,91.105865
94,105.51929
95,93.341805
96,106.681625
97,94.91564
98,109.86554
99,91.37605
101,102.04289
103,114.132935
104,93.0247
105,110.08513
110,92.73228
111,109.60149
113,106.938416
114,94.92543
115,109.46593
117,114.132935
120,91.353226
121,108.29305
122,95.7711
123,114.44624
126,112.25754
132,110.27174
135,102.3219
137,102.93727
138,92.95698
140,93.50578
142,108.70241
144,110.44057
148,91.21856
149,110.33568
155,92.59601
156,108.9215
157,94.91564
162,111.43442
163,105.869705
167,93.32442
172,119.11426
179,119.03499
180,94.1089
181,111.34304
182,95.07448
183,114.132935
185,114.132935
187,111.28529
188,92.98958
189,92.99405
191,93.0092
192,113.186874
193,92.99132
194,114.346504
195,93.34336
196,113.890785
198,92.77327
199,109.43451
201,107.00373
204,93.113144
205,109.24508
206,90.979675
210,92.94928
211,102.04289
216,110.616554
219,118.52668
220,93.047615
221,111.26547
226,111.34304
227,92.987915
228,110.16383
230,108.957016
231,94.91564
235,115.35187
236,91.49573
238,108.92063
242,102.551254
243,93.19001
244,78.3802
245,112.39354
247,108.55965
248,92.075226
249,93.45826
250,108.99805
251,91.49573
253,115.35187
254,93.123314
256,93.35954
257,91.80475
258,117.9798
259,91.01192
262,78.36582
266,90.925575
267,111.26718
272,100.77269
273,114.132935
275,93.0521
276,108.846634
279,93.49581
280,113.25563
283,92.25471
285,109.192345
288,114.132935
289,96.497635
290,107.01236
291,92.96387
292,105.88127
293,110.11453
296,93.02138
297,108.22509
298,116.74292
299,92.99029
304,92.388916
305,74.2251
306,92.9966
307,110.17694
311,111.04418
313,111.29816
314,92.994576
316,90.90427
324,90.80519
327,95.249695
329,91.12165
330,116.3986
337,102.8999
338,91.59066
339,101.11841
340,92.99683
343,92.15173
345,117.77647
346,91.69209
347,111.501236
349,113.753746
350,92.20006
352,111.12828
353,91.60383
354,78.38792
357,92.00557
358,109.307465
362,115.81683
364,117.95216
365,102.14944
366,92.98071
367,112.47979
368,96.5401
370,76.119736
373,93.23429
377,92.78045
378,110.03527
382,105.28123
384,111.287384
390,93.14954
392,110.09918
393,111.74965
395,93.00112
396,104.73252
399,78.35891
406,111.29816
408,111.29816
409,95.40422
410,78.29233
412,109.46729
413,92.009796
419,93.3609
420,110.621414
421,91.656876
430,92.470505
434,92.972084
436,93.00987
437,93.40679
438,92.01623
439,111.303795
440,93.15724
443,112.56726
446,94.2475
448,93.30539
452,92.90413
453,103.328995
457,103.16579
458,94.68118
459,117.25197
460,102.62169
462,98.736755
464,102.630554
465,118.53554
467,112.21118
471,111.69526
472,78.33836
473,92.95845
475,96.21191
480,94.56668
488,107.99823
490,110.17694
491,101.757126
492,78.371765
493,93.223656
497,90.94391
498,114.24889
499,92.84604
500,105.272446
501,94.89734
502,111.56143
506,75.32118
510,110.26146
511,92.97169
512,91.79712
516,93.4648
518,93.37542
519,111.090614
521,93.1637
522,105.43321
526,110.19455
529,95.18348
532,111.21167
533,91.50879
536,112.275154
537,96.8392
539,92.99675
540,101.43383
541,92.97865
543,92.958466
546,110.34926
547,91.9841
548,76.074745
551,92.035194
552,102.545
556,100.36975
557,93.55185
558,112.47979
559,92.98897
560,107.26995
562,108.792465
566,93.30564
570,114.24889
571,93.40679
572,112.03181
573,92.99049
575,118.53554
576,111.478516
577,91.66696
579,91.33414
580,109.303345
581,110.218
589,110.17694
591,100.742
593,93.0286
594,102.98574
595,93.17464
598,91.69724
602,108.95033
604,112.47116
606,106.35916
608,91.12785
609,101.61404
610,92.98396
616,111.508934
617,93.439606
618,101.53724
620,101.919785
622,106.317894
623,91.87543
624,118.47542
626,111.11931
628,111.7065
629,95.049774
630,110.54952
637,93.226036
638,102.89966
643,105.16266
645,94.56668
646,118.838554
648,91.380684
652,93.32268
653,93.701836
654,114.24889
656,111.51608
657,93.612946
659,91.03755
660,100.317375
663,90.868065
664,111.654274
666,97.85377
668,109.77383
669,92.529236
671,92.10293
675,93.41169
677,91.11941
678,111.968315
679,104.27835
682,94.253174
685,102.5977
687,93.10623
688,93.04503
693,110.7489
696,94.51509
698,91.72856
701,95.06773
704,103.36163
705,117.944214
709,110.99968
710,93.124435
711,103.97528
712,91.939926
714,111.0197
715,93.94775
716,110.61613
717,107.57404
720,118.03784
721,93.261024
724,100.84728
725,92.995316
726,115.22176
728,111.11717
731,92.26962
734,103.0945
738,93.28618
745,109.33158
746,92.974846
751,78.38766
754,91.13291
756,97.29631
758,93.64706
759,108.67848
761,115.50209
766,93.26365
767,110.9267
768,91.699905
769,113.16139
770,92.91824
771,78.38809
772,102.903244
773,92.45433
774,110.155426
776,110.976
777,93.08049
780,119.15587
782,101.99728
787,101.444664
788,93.00863
792,91.30188
793,111.653885
798,94.87506
800,91.53065
806,110.61613
809,111.50257
811,109.828636
812,91.17041
814,118.71454
816,100.82439
817,93.028145
818,116.97627
820,107.539314
823,94.25183
829,91.307014
830,111.63808
831,90.77765
834,109.035164
839,93.28244
841,78.38539
844,104.10292
845,92.99204
848,92.99405
850,91.35571
851,102.988434
852,90.477325
854,91.24343
855,94.86151
856,100.75917
859,102.53438
861,110.155426
864,91.5347
865,111.18145
866,90.991455
867,93.16101
869,94.79182
871,91.21038
872,110.61613
882,100.57068
883,92.9899
885,95.29306
888,97.56328
893,111.97783
901,111.85922
903,102.24433
904,91.2328
905,102.61096
910,94.35596
911,105.169266
914,113.012794
918,109.267105
921,91.219055
928,93.470566
929,103.708916
932,91.567894
933,107.8594
934,94.35596
935,109.47469
937,76.0579
939,92.99317
940,106.95616
941,94.86098
942,103.762184
943,91.64565
944,102.65948
947,110.61613
949,106.53827
951,110.78583
952,92.98844
953,102.24433
954,78.38635
957,110.094925
959,91.340805
960,112.72397
963,118.71454
965,110.61613
967,101.919495
971,93.257675
972,78.39009
973,90.98798
974,111.49887
975,91.18982
978,118.85369
980,118.7559
981,93.45244
984,112.72989
986,94.35596
988,91.699905
989,106.59585
990,100.4177
992,111.85922
996,93.608086
999,113.655716
1000,90.65481
1001,111.18145
1002,91.24291
1003,110.976
1004,91.56621
1008,108.92526
1009,90.96735
1010,110.197174
1012,112.748184
1013,92.13892
1014,109.60338
1015,92.9922
1016,118.619576
1019,93.979965
1020,111.75023
1021,94.35596
1022,102.6996
1024,94.35596
1025,78.38793
1027,94.97686
1028,104.27147
1029,91.443886
1030,92.20918
1033,111.78192
1036,91.110016
1037,111.228325
1038,91.59265
1042,92.99317
1043,104.097305
1044,92.23199
1045,109.46286
1047,118.257675
1050,93.01927
1051,110.475334
1054,93.709145
1056,93.45244
1057,93.09088
1059,92.99677
1062,103.346176
1063,103.618866
1064,93.45244
1066,93.29018
1070,102.722855
1076,110.112854
1077,105.819824
1078,108.77709
1080,114.52132
1082,113.91755
1083,94.42284
1089,110.465904
1091,99.47727
1093,92.99116
1097,97.20292
1099,93.14978
1101,95.19267
1103,93.7395
1104,111.66725
1106,109.777145
1109,92.99596
1110,119.601494
1111,91.14914
1112,110.331314
1114,93.77662
1116,100.38237
1117,110.290436
1120,95.70128
1124,113.076996
1125,91.52715
1126,112.033806
1134,110.27364
1137,93.45835
1138,116.626114
1144,111.6426
1145,99.75959
1146,93.179
1148,95.42598
1150,94.53187
1152,104.07741
1153,93.07768
1154,104.436676
1155,94.5093
1157,100.53265
1162,97.60933
1165,111.21489
1166,92.693275
1167,101.62451
1168,95.30697
1169,102.54451
1171,117.2737
1172,94.71996
1173,102.54452
1174,92.98301
1176,95.33136
1177,102.40132
1178,93.1394
1182,110.17059
1186,95.04008
1187,114.152756
1188,94.187294
1189,119.2551
1191,104.696495
1192,97.324234
1197,114.56705
1198,92.906784
1200,78.39395
1201,93.459015
1203,94.62403
1209,119.07588
1214,102.91292
1218,112.536285
1222,94.19962
1226,94.1804
1228,95.24542
1230,93.25261
1232,78.38899
1233,95.70158
1236,118.33294
1238,95.13104
1241,111.6426
1244,111.01053
1246,93.36165
1247,111.482376
1250,107.53576
1251,93.46021
1254,112.09298
1255,97.83055
1256,110.76196
1257,91.99405
1258,89.15567
1259,110.5948
1260,95.99599
1263,111.64169
1267,78.372734
1268,110.07907
1271,97.457504
1272,110.87706
1274,101.95386
1275,97.60933
1276,110.11965
1277,91.44368
1279,93.179
1281,95.434204
1282,94.187294
1283,111.78638
1285,110.11057
1286,93.74324
1289,111.55882
1296,117.01999
1299,94.517685
1301,94.900276
1306,93.434616
1307,93.33925
1308,90.89234
1313,110.11965
1314,94.271614
1315,119.601494
1316,93.40869
1317,110.640076
1319,92.93789
1323,94.818665
1324,100.832016
1325,93.431946
1328,101.399475
1329,91.96581
1330,111.345985
1331,94.631966
1332,101.42452
1337,93.667274
1338,113.62418
1339,93.43111
1340,115.00839
1343,113.569595
1347,104.496185
1348,93.19336
1349,105.79495
1352,93.16493
1354,95.03625
1359,106.07514
1360,95.40253
1363,112.97804
1364,95.374146
1365,103.9403
1366,95.35683
1372,94.98815
1375,102.58084
1376,93.263565
1378,93.48315
1379,112.36676
1380,95.41481
1381,102.57794
1384,110.568436
1387,96.573135
1388,111.558304
1392,77.48976
1394,102.78941
1395,92.67874
1396,113.59418
1398,92.94678
1399,113.59418
1400,92.88253
1401,93.015366
1403,94.2164
1404,112.70679
1406,113.59418
1407,92.994995
1408,113.17032
1410,78.3548
1412,112.063965
1413,93.010376
1415,93.15203
1420,113.17032
1422,112.35681
1423,111.817215
1424,113.17032
1425,94.972374
1426,78.3548
1427,93.99949
1429,92.82294
1430,111.43109
1431,95.26652
1432,105.962776
1434,111.55763
1437,93.2812
1438,104.791115
1440,111.29491
1441,115.59721
1442,92.39502
1444,110.44814
1445,93.44722
1446,104.01639
1448,94.64112
1453,92.996155
1454,112.063965
1455,93.00535
1456,119.5316
1458,112.063965
1459,91.985565
1461,92.996994
1465,96.573135
1466,111.50668
1469,95.36178
1472,92.996155
1474,110.99478
1477,111.441986
1479,111.00882
1482,89.045296
1483,78.35378
1487,95.38498
1488,115.30093
1490,110.911865
1492,111.17686
1494,119.13326
1496,104.01558
1497,93.25701
1499,98.999886
1502,92.90602
1507,112.75813
1508,93.16493
1509,110.35686
1511,92.74805
1512,112.05619
1513,116.541245
1514,105.84113
1518,111.62543
1519,92.86931
1522,114.94591
1524,78.39154
1527,92.39502
1529,93.399895
1532,102.61556
1536,113.089455
1537,118.94472
1539,103.61989
1542,119.34649
1543,93.263565
1544,102.036026
1545,78.39303
1550,92.994415
1551,109.42164
1554,109.41766
1556,104.327866
1559,91.61864
1560,78.38663
1562,92.32445
1566,92.480934
1567,111.48492
1569,102.508896
1570,110.05095
1571,112.20055
1574,93.16493
1578,103.99198
1580,94.422775
1583,111.556725
1584,93.16493
1585,111.80923
1586,94.3465
1587,111.82222
1588,92.81582
1590,117.00678
1592,102.10988
1596,112.09116
1598,110.15645
1599,93.0096
1604,110.65418
1606,100.60739
1607,93.010376
1608,105.06305
1609,117.27579
1611,95.00794
1613,96.780075
1616,93.304665
1619,107.396484
1620,91.0677
1621,110.907394
1622,91.664856
1625,112.03883
1627,117.27579
1629,112.66908
1634,94.53998
1636,94.40977
1638,102.829315
1639,93.17855
1641,94.060616
1643,91.52551
1644,109.67998
1645,119.196
1646,92.95361
1647,109.57117
1648,94.146805
1652,94.422775
1653,111.56227
1656,111.19867
1658,93.0096
1659,115.29819
1661,92.75065
1663,93.010376
1664,114.711624
1665,92.99527
1666,104.327866
1667,102.87439
1668,78.40613
1669,108.87871
1670,93.000626
1672,111.62065
1674,109.65663
1677,115.30093
1678,93.549774
1679,114.027245
1680,93.02055
1683,102.68265
1686,103.43638
1687,112.57862
1689,112.368225
1690,91.63643
1691,118.62708
1692,112.540054
1693,93.16493
1695,93.027054
1696,92.996155
1697,115.44698
1700,104.327866
1701,93.300644
1702,110.96559
1703,93.40381
1704,112.23775
1706,94.88075
1707,112.655334
1708,93.59254
1710,93.47438
1711,102.90158
1713,108.10992
1717,103.032715
1719,103.99198
1720,92.99211
1722,92.990204
1725,102.39952
1726,93.50782
1727,111.72435
1729,110.374626
1730,94.48539
1731,111.38849
1733,104.327866
1734,93.00011
1735,112.35681
1738,96.780075
1742,92.015976
1745,109.65663
1747,93.4005
1749,93.983086
1751,93.95205
1752,78.39314
1753,107.4026
1754,93.06077
1755,99.83626
1756,106.91377
1758,111.99965
1759,93.13131
1760,110.267395
1761,115.15896
1762,93.03713
1763,111.623535
1764,91.40969
1766,93.421455
1768,93.33084
1769,78.32874
1771,108.885376
1772,92.67749
1773,103.56129
1774,91.00265
1775,111.20682
1777,110.86227
1779,93.13131
1780,121.087845
1787,93.489334
1788,93.35863
1790,95.08267
1796,110.72803
1801,91.55458
1803,96.26193
1807,109.79701
1809,111.81525
1812,93.301605
1813,112.77614
1814,98.902435
1815,111.59511
1816,100.00196
1818,92.95311
1820,93.058464
1821,119.19711
1822,99.50084
1825,91.72696
1826,102.80505
1828,95.47282
1831,102.629135
1836,117.85816
1837,92.8212
1841,112.88338
1844,100.42813
1848,92.83472
1851,103.64188
1852,95.71597
1853,93.47286
1854,109.336044
1856,92.77075
1859,113.382576
1860,94.2894
1861,78.396935
1863,105.082565
1865,95.27693
1866,103.91778
1867,91.070496
1868,92.93327
1872,95.27568
1879,93.79701
1880,103.19089
1882,93.34011
1885,102.88376
1887,103.09984
1888,92.99959
1890,121.9919
1894,93.58722
1895,101.58609
1896,96.62893
1897,111.077866
1900,109.796074
1901,91.50055
1902,117.345184
1905,92.35512
1906,104.144485
1912,102.564575
1915,95.13077
1916,105.08119
1917,91.590836
1918,103.93178
1920,78.39202
1923,93.23577
1924,104.03981
1925,95.4756
1930,116.74345
1932,117.50183
1933,90.91007
1934,112.18823
1935,91.40477
1940,78.38216
1941,93.2102
1942,109.76739
1943,91.41834
1944,91.53316
1945,114.010345
1948,118.95924
1949,94.071106
1952,103.092674
1954,96.64194
1955,118.30742
1958,92.9623
1959,78.28726
1960,111.623535
1963,99.0103
1965,92.20846
1968,108.349365
1969,95.33666
1971,97.02107
1972,111.57393
1973,93.32228
1975,93.02169
1977,91.57315
1978,92.99754
1979,109.75882
1981,93.186874
1982,111.14847
1987,111.714966
1988,92.198166
1993,91.45087
1997,92.25556
1999,93.60569
2001,97.149994
2002,116.02443
2003,92.43135
2004,78.34677
2006,108.65044
2007,90.93292
2009,112.83759
2010,92.991165
2013,94.92697
2018,77.55388
2022,102.873146
2024,112.04089
2025,93.00114
2026,104.41408
2030,111.92023
2031,96.93695
2032,102.564575
2033,93.669525
2035,92.356415
2036,110.610535
2037,93.13509
2040,96.6726
2043,121.96703
2044,112.6738
2046,99.27741
2054,105.21893
2055,93.0902
2056,121.087845
2059,91.90105
2060,91.50055
2062,93.28227
2063,109.89122
2066,93.58722
2067,112.84292
2072,122.00655
2073,114.66842
2074,93.331696
2075,117.33305
2076,91.5094
2080,93.26921
2082,91.50055
2085,110.619354
2087,110.14969
2091,110.9958
2092,92.95744
2093,121.087845
2098,93.054436
2101,111.623535
2102,93.00424
2103,78.38216
2105,103.88725
2106,93.01053
2107,118.57335
2110,93.05606
2114,92.97568
2115,109.89317
2117,76.22153
2118,91.95415
2119,104.06893
2120,93.552345
2122,100.01252
2123,109.77379
2126,96.74685
2127,103.76311
2128,109.8268
2129,111.306366
2132,102.60653
2135,101.89502
2138,93.79857
2139,116.74345
2141,110.15833
2142,92.14283
2146,93.09511
2151,108.99275
2157,101.19667
2159,109.55454
2162,92.98965
2164,118.51846
2167,90.50887
2168,111.46149
2171,92.14556
2173,96.108826
2174,103.06938
2175,92.38026
2178,92.98327
2180,97.574615
2185,111.7142
2189,91.505295
2190,112.71217
2192,100.89512
2194,115.60236
2200,121.939644
2201,100.01549
2203,109.67722
2204,92.39592
2205,110.244415
2209,111.536026
2213,102.12834
2214,93.396194
2215,108.156784
2216,94.70972
2218,93.39436
2219,103.5061
2220,93.9492
2222,91.411804
2223,110.63495
2225,113.20573
2226,94.21275
2230,91.338776
2233,113.65031
2234,109.936325
2235,92.39592
2236,78.39422
2237,93.18782
2240,118.20469
2241,93.33242
2248,103.43073
2249,90.92689
2250,116.82504
2252,111.62603
2253,105.61969
2254,112.21474
2256,78.39108
2258,90.94104
2259,115.67686
2262,95.32532
2265,93.23688
2266,105.457245
2269,91.9583
2271,94.0841
2273,93.39844
2274,111.729614
2275,94.42845
2277,94.27961
2279,92.39592
2280,78.39113
2282,97.574615
2283,102.51204
2288,92.20047
2289,111.53839
2291,93.799995
2292,118.21059
2297,95.23265
2298,102.75443
2299,93.1192
2300,116.49678
2301,91.561615
2304,93.16327
2305,105.888596
2306,95.32532
2308,91.50537
2309,113.58171
2311,90.8679
2312,103.20706
2316,102.577515
2321,102.961945
2322,110.28529
2325,103.134514
2326,93.27556
2329,118.21059
2330,93.59267
2331,103.24249
2332,113.02038
2333,95.32532
2334,102.007355
2335,110.69394
2337,118.03424
2338,93.75302
2340,113.02038
2342,95.21008
2345,104.325745
2349,93.11209
2351,78.384476
2352,93.61478
2354,112.29216
2355,120.39569
2357,113.20573
2358,97.888504
2360,92.88878
2361,112.29216
2364,93.19323
2366,94.39817
2369,102.678154
2370,95.565735
2371,112.97774
2373,118.65839
2374,93.00969
2376,111.2449
2378,110.95302
2382,94.90135
2383,91.405045
2386,102.53126
2387,93.44333
2389,121.87814
2390,115.907104
2392,93.036224
2398,113.02038
2399,93.42385
2400,121.63102
2401,112.3496
2402,94.426834
2404,93.19296
2407,120.82317
2408,110.09834
2409,121.602066
2412,78.03174
2413,93.50142
2415,92.95924
2420,110.12544
2422,93.003975
2423,102.02115
2426,91.35909
2432,95.81752
2434,93.39534
2435,122.0018
2436,108.087585
2438,107.013306
2440,111.75503
2443,91.401535
2444,93.22743
2447,103.43073
2450,93.07218
2454,93.43791
2455,111.709435
2459,95.32532
2460,109.74933
2463,93.005035
2465,93.09375
2468,78.37933
2469,92.1239
2474,93.05005
2478,92.215
2480,92.986534
2481,118.20469
2489,97.574615
2490,110.05023
2492,91.290375
2496,95.32532
2497,122.00691
2500,93.51065
2505,97.326866
2507,90.69492
2508,110.244415
2509,93.598076
2510,78.234795
2513,92.744316
2515,97.574615
2518,91.405045
2519,109.8227
2520,91.405045
2521,114.03125
2523,112.72307
2525,91.35842
2529,110.70258
2530,94.9245
2533,114.10069
2535,92.943275
2538,103.095146
2544,121.26153
2553,108.06944
2556,91.39372
2558,92.921036
2559,111.68796
2560,93.15978
2561,113.382065
2562,93.10032
2563,111.50657
2564,92.54468
2565,112.61659
2567,103.13392
2572,94.74513
2575,93.77838
2576,112.425156
2577,91.32768
2578,93.084595
2579,110.558075
2580,92.60188
2582,121.96859
2583,109.058136
2587,92.48526
2589,116.42706
2590,95.67732
2591,110.70258
2594,103.162186
2597,93.141106
2598,101.734665
2599,92.99179
2600,102.12793
2602,104.1151
2603,94.74513
2604,102.53714
2606,111.371414
2607,78.38771
2608,121.91294
2613,110.25508
2614,105.50284
2615,110.81197
2617,111.65914
2620,95.0449
2623,116.343735
2624,92.15579
2627,110.25508
2629,78.38771
2630,100.69037
2632,95.40385
2636,92.99701
2639,91.81056
2640,106.45474
2642,110.70258
2644,102.07402
2646,109.57537
2647,93.034256
2649,93.068954
2650,105.64452
2652,104.02666
2653,100.71079
2655,111.719025
2657,112.59288
2659,110.61355
2662,92.783554
2663,115.89615
2664,92.96599
2665,101.769455
2670,92.767265
2671,102.66382
2672,91.88699
2675,104.02666
2677,112.868546
2679,118.49338
2683,114.99734
2684,93.42012
2685,91.014
2688,105.03673
2689,92.14644
2690,102.288315
2693,93.41124
2694,111.18216
2697,103.17825
2699,93.14668
2703,95.34474
2705,102.86219
2709,78.37868
2710,93.87854
2711,111.66831
2712,93.401436
2713,93.07321
2714,114.7003
2715,91.80476
2717,92.65312
2718,111.73837
2720,111.8128
2721,94.81224
2726,93.2336
2728,92.51315
2731,101.40564
2732,111.006714
2734,95.08946
2736,101.76465
2737,98.47872
2738,100.20361
2739,118.26936
2746,93.20729
2749,100.57403
2751,119.19723
2752,103.23668
2753,93.26665
2757,107.06462
2758,93.40245
2759,110.21156
2760,93.23587
2762,109.0311
2764,91.47077
2765,115.67735
2769,112.20293
2771,109.70655
2774,92.48012
2776,92.9061
2777,121.41
2778,91.38265
2779,113.44494
2782,91.31592
2784,92.787674
2787,100.09408
2789,92.98151
2792,93.055305
2798,93.00037
2799,102.53222
2800,90.99522
2801,78.342575
2802,91.022095
2804,93.22594
2807,101.47557
2808,93.03
2809,115.40545
2811,117.241
2812,94.849236
2814,91.92019
2816,95.375
2817,118.50592
2818,109.52751
2820,111.0076
2821,78.35246
2822,91.50696
2823,102.65187
2824,92.26095
2826,91.035126
2829,92.0695
2834,91.90075
2835,78.01376
2838,93.03196
2839,108.70138
2840,92.87944
2841,112.677
2842,93.63516
2846,111.23227
2848,93.17326
2849,92.39122
2850,114.7003
2851,93.00046
2853,91.36145
2854,110.70258
2858,112.02244
2861,90.91762
2864,91.14669
2865,115.89615
2866,110.80673
2867,91.17816
2868,111.73651
2870,110.780594
2877,95.22177
2878,110.25508
2880,111.27274
2882,78.354614
2883,93.78433
2884,102.62921
2885,92.90949
2887,97.062355
2888,107.51724
2889,93.24893
2890,101.672775
2891,89.79701
2892,118.86277
2893,96.56499
2898,118.2038
2899,91.80243
2900,121.90292
2901,97.32759
2909,95.04714
2910,109.41565
2911,105.18154
2913,117.31848
2914,101.022644
2918,90.92918
2919,107.30234
2920,94.43371
2921,110.25508
2922,93.92891
2923,101.651566
2925,114.442986
2926,92.40194
2927,112.20662
2929,111.395096
2933,92.14682
2934,111.56435
2936,110.00261
2941,100.84749
2942,93.20827
2943,110.377914
2945,102.259796
2950,93.325455
2951,111.44629
2953,114.43383
2954,95.11648
2955,99.93078
2956,93.77825
2960,94.911514
2962,93.16122
2963,105.63248
2964,104.04712
2966,78.38214
2967,92.99841
2968,113.18059
2969,92.64424
2971,92.98227
2972,95.19206
2974,95.64329
2975,111.28018
2977,119.091515
2980,114.71736
2981,91.59186
2983,92.98234
2984,105.65112
2985,117.547066
2986,104.51376
2987,95.19206
2989,91.530846
2990,111.45889
2991,91.20737
2992,78.18173
2995,104.54109
2996,102.73289
3002,116.5059
3004,116.59816
3005,115.629654
3006,94.01715
3010,93.23361
3011,100.724464
3014,92.24138
3015,92.97601
3016,93.18698
3017,115.98024
3018,92.96176
3021,102.07944
3024,101.84589
3028,93.12915
3030,91.20237
3032,93.05256
3039,93.07657
3040,106.60067
3041,100.53271
3043,94.94462
3044,111.23637
3046,111.494995
3055,92.83644
3056,114.68637
3058,93.34611
3059,111.57223
3061,118.67241
3063,103.16336
3066,92.43651
3067,101.84589
3068,78.389435
3069,92.90407
3072,116.329185
3073,111.175354
3074,91.5747
3077,93.299675
3082,93.40722
3084,104.54109
3085,121.978455
3088,102.125854
3091,93.44156
3092,111.75691
3093,93.99521
3094,101.8528
3096,110.58871
3097,93.42566
3098,78.37686
3102,116.0784
3106,93.54987
3109,96.18155
3111,93.06609
3112,115.629654
3113,94.444336
3115,121.997696
3116,106.84224
3117,94.891335
3121,112.917
3122,91.766754
3123,93.50008
3124,107.82201
3125,93.18698
3126,101.00862
3127,118.003174
3129,91.57507
3130,111.1959
3132,109.294876
3134,110.550964
3135,93.92798
3137,76.23014
3138,95.15352
3140,93.19849
3144,111.36807
3145,93.3403
3146,110.65016
3147,93.53953
3148,100.67242
3149,102.85123
3150,111.70138
3151,93.902954
3152,92.95349
3155,93.288605
3156,114.13332
3159,92.43004
3161,90.92818
3162,105.1297
3163,90.9725
3165,100.75269
3172,94.37423
3173,107.385765
3176,93.000206
3177,102.94029
3179,111.28018
3183,90.9975
3186,93.58328
3187,106.194885
3189,114.5648
3190,102.60965
3192,118.003174
3193,94.37423
3194,112.62847
3197,93.00223
3198,94.72011
3200,96.485466
3201,116.0864
3202,94.72011
3204,94.646866
3205,91.36072
3206,114.67528
3208,105.52463
3210,101.60756
3211,90.89935
3212,118.67241
3213,93.28519
3214,109.94474
3216,101.80589
3219,93.956894
3220,106.02471
3221,94.444336
3226,105.93858
3227,91.87918
3228,110.56862
3229,93.011986
3232,78.35804
3233,91.42858
3234,91.29976
3236,93.02683
3238,111.13497
3239,109.910065
3240,92.92353
3247,111.33799
3249,102.676605
3252,111.43332
3253,93.119514
3254,102.75615
3255,92.95688
3256,113.42281
3257,96.23825
3262,109.529785
3263,104.12027
3264,93.77825
3266,111.67165
3267,92.27913
3269,93.009224
3272,117.547066
3274,93.00223
3275,102.65732
3277,94.094604
3279,96.348526
3280,103.085686
3283,93.523346
3285,95.7704
3287,92.92443
3288,101.84589
3290,112.42062
3291,93.24005
3298,111.20543
3299,92.29715
3302,109.87682
3303,90.936356
3304,107.91135
3307,93.03295
3309,94.84331
3314,78.38806
3316,111.78948
3317,93.99141
3319,92.75784
3320,111.34043
3321,92.349335
3322,106.403625
3324,91.54886
3326,90.93765
3329,110.791245
3330,93.074066
3331,111.47539
3335,118.570404
3337,92.993744
3338,105.10555
3339,93.34036
3340,109.97204
3341,92.6806
3343,94.03351
3346,93.75586
3348,93.42891
3351,101.976166
3352,117.507355
3355,93.28876
3356,115.464584
3358,110.68196
3359,95.55882
3360,108.37558
3371,112.8571
3372,97.03595
3374,95.92727
3377,107.02509
3378,91.46548
3380,102.66095
3382,91.87904
3386,93.26761
3389,113.445854
3391,107.97752
3393,93.691376
3394,103.12257
3395,91.34796
3397,111.21345
3398,95.77199
3399,78.27905
3400,95.68846
3404,103.36841
3407,109.85987
3409,108.033356
3419,95.45039
3421,91.01231
3425,101.8106
3427,78.38942
3428,117.806244
3429,111.450806
3431,92.87586
3435,93.08986
3436,112.191284
3439,94.93329
3441,91.42356
3442,117.806244
3443,109.74319
3444,101.8618
3445,97.63684
3446,116.0676
3449,91.18858
3453,91.74689
3457,91.02936
3460,101.84506
3461,92.99001
3462,93.038124
3464,104.28091
3465,78.39311
3466,98.00607
3467,102.942276
3468,92.99359
3469,103.101814
3470,102.634094
3472,112.11254
3473,90.950455
3475,92.86744
3476,111.0609
3478,102.87848
3479,111.51716
3483,93.38481
3484,103.7794
3485,94.46477
3487,93.25232
3488,105.90979
3496,114.36908
3497,92.063675
3499,95.23692
3500,78.38812
3501,94.62193
3504,91.947945
3508,115.373474
3511,90.913055
3512,112.408646
3515,92.9155
3517,97.629166
3518,102.59042
3526,111.96229
3528,114.86775
3529,92.89166
3530,110.88016
3531,93.22058
3532,116.52074
3533,93.02426
3534,93.638145
3535,78.362465
3536,107.9153
3537,111.47057
3538,93.380684
3539,109.74785
3540,104.014465
3545,111.24544
3546,92.124466
3550,103.2674
3551,93.17059
3553,103.06992
3554,101.84506
3557,93.36249
3558,111.35774
3559,91.18858
3561,93.44182
3562,111.21345
3563,91.60766
3564,101.976166
3565,97.63684
3567,92.87034
3571,101.976166
3572,93.186745
3574,93.44368
3576,92.802345
3577,110.12422
3578,97.19823
3579,92.19951
3583,92.02003
3585,91.70909
3586,106.97612
3587,110.91858
3593,91.04198
3594,118.959625
3595,92.71578
3599,93.5654
3600,104.229416
3601,112.11254
3602,91.18858
3604,97.17029
3609,115.69052
3610,108.05152
3612,110.27749
3614,122.00592
3615,93.79016
3617,118.71476
3618,108.34194
3619,109.87398
3620,110.03563
3621,93.2315
3625,92.97124
3626,102.463745
3630,100.88796
3631,97.08622
3632,104.37357
3633,92.24991
3634,111.48691
3637,92.21428
3639,91.16982
3640,111.345345
3641,93.27914
3644,118.018074
3645,93.034256
3646,96.48146
3647,93.58464
3648,110.368286
3653,111.26681
3654,121.9393
3655,109.848976
3659,102.20834
3660,92.12366
3662,116.20703
3666,95.116714
3668,92.09811
3671,101.85455
3673,94.08865
3674,114.320114
3675,100.90816
3681,91.26445
3682,110.75374
3686,110.13904
3687,93.58671
3692,76.70473
3695,111.52081
3696,93.30551
3699,117.28552
3705,110.83382
3707,78.36977
3708,92.68799
3709,111.53085
3710,93.31252
3712,91.06829
3715,111.49947
3716,91.439575
3720,110.33023
3722,78.36977
3726,93.56887
3728,93.04672
3729,117.5235
3731,101.61833
3735,108.35744
3736,91.83442
3739,100.613464
3741,109.800285
3743,102.652374
3744,93.28516
3745,109.939224
3746,91.041794
3751,93.57055
3753,92.924286
3760,112.77724
3761,93.69631
3762,110.989044
3763,92.98545
3765,93.100845
3768,111.4389
3769,92.266396
3770,109.16639
3773,109.81907
3774,93.26434
3776,95.13619
3778,92.0645
3779,107.94145
3780,91.904305
3781,111.58809
3782,92.75459
3783,110.49592
3784,92.73484
3786,93.44539
3789,107.41667
3790,93.002205
3793,108.36172
3795,109.44084
3797,95.27812
3798,116.69004
3800,111.78076
3804,94.40619
3810,93.02336
3815,110.0304
3816,94.40619
3818,103.40798
3824,110.32988
3828,100.765114
3830,105.6077
3831,91.24191
3832,78.38426
3834,109.86748
3835,93.46651
3836,109.83374
3838,95.192116
3839,118.45062
3840,110.97566
3845,92.998215
3846,111.95712
3847,96.55204
3849,78.363174
3853,104.42552
3855,113.28824
3856,93.34526
3864,76.40111
3865,91.95906
3866,109.46477
3867,92.747826
3868,111.78076
3869,92.98569
3871,94.791534
3875,100.65301
3876,92.076035
3878,93.15691
3879,109.33406
3881,111.78076
3883,104.33647
3884,93.0053
3886,109.29862
3890,92.69583
3893,110.22812
3897,107.074036
3901,92.94857
3902,110.96194
3913,108.50827
3914,93.48068
3916,91.00377
3917,108.02527
3924,101.993454
3925,93.01582
3928,90.93953
3929,111.63319
3932,90.95682
3933,101.49973
3934,78.368576
3935,90.824554
3936,93.05748
3937,111.32499
3938,93.67793
3939,109.93333
3943,93.35494
3944,111.59948
3945,109.46828
3946,93.45422
3947,111.356064
3948,93.15196
3949,110.40586
3950,90.95301
3951,114.17618
3952,92.995895
3953,111.23896
3961,115.67255
3962,92.99962
3966,94.12368
3967,103.31593
3968,95.11714
3969,110.83104
3970,94.39816
3971,107.272865
3973,90.22206
3974,110.718
3975,111.31814
3977,119.88331
3979,110.28731
3985,92.113
3986,102.794205
3988,109.88264
3991,98.850845
3992,102.40553
3993,92.868614
3994,118.83825
3995,111.61626
4005,108.38562
4007,92.66452
4008,104.40468
4009,92.27496
4010,111.70746
4011,78.34575
4012,92.30155
4013,102.0258
4015,111.78238
4016,110.133865
4018,111.15602
4025,92.99457
4026,114.095184
4028,119.97707
4029,94.49532
4031,91.18548
4032,109.07264
4033,90.67127
4034,102.61752
4037,92.10972
4038,102.07048
4039,92.924995
4041,93.006836
4042,111.57459
4043,93.07159
4044,101.49973
4045,93.04226
4046,121.31657
4047,93.08311
4048,109.32575
4049,94.324455
4051,92.89252
4052,111.59357
4058,101.18942
4062,107.46928
4064,102.55744
4067,91.77687
4068,78.376595
4070,92.98826
4072,114.01572
4074,111.691666
4075,91.35314
4076,110.04074
4077,107.039024
4078,112.14839
4080,101.49973
4082,117.2713
4085,93.8298
4086,112.44259
4088,114.095184
4089,93.182175
4092,78.37871
4094,94.00124
4095,108.63038
4096,91.57727
4097,102.03874
4102,93.122696
4105,110.47466
4107,113.23085
4111,93.00007
4112,102.94861
4113,95.003235
4114,117.05768
4115,90.92685
4116,109.61391
4117,92.99719
4118,92.99846
4119,112.24655
4120,109.291504
4122,78.380264
4125,95.33741
4126,111.64036
4129,111.34282
4134,111.82264
4137,92.00708
4141,102.65651
4142,94.381966
4144,96.826675
4145,101.993454
4146,92.763756
4150,92.554184
4151,74.997284
4154,91.77687
4156,97.05313
4157,111.66519
4159,110.133865
4160,101.11315
4161,108.59012
4168,93.45032
4171,102.6712
4172,112.08148
4173,93.389336
4175,91.86175
4176,101.49973
4177,96.826675
4178,103.76306
4179,93.28058
4181,111.832664
4183,94.49532
4184,116.30513
4185,91.314575
4186,110.12384
4188,114.95306
4190,108.80534
4192,92.58384
4193,110.0866
4194,112.41878
4195,91.41757
4196,78.38547
4202,93.719185
4203,104.05299
4208,93.76341
4209,117.160034
4210,104.83542
4211,111.707344
4212,117.26244
4214,102.70247
4215,93.595535
4216,118.88535
4217,92.98141
4219,93.441635
4222,111.32499
4224,78.39184
4231,103.690186
4232,94.49532
4234,94.92197
4236,96.826675
4237,101.48024
4240,93.16412
4242,104.13352
4243,94.783646
4247,97.11139
4248,110.77702
4249,90.9505
4254,101.75911
4263,94.753784
4265,106.2074
4267,112.7009
4268,110.48334
4271,112.3215
4272,93.929886
4273,109.10292
4274,92.984436
4276,92.2923
4278,93.01117
4280,93.18062
4281,109.53768
4283,91.84896
4284,110.81872
4285,92.5462
4286,108.49381
4287,90.88879
4288,113.96387
4289,91.00801
4290,76.87699
4293,93.35208
4296,109.591354
4297,95.99044
4299,91.501785
4303,112.274536
4310,95.03001
4312,102.97368
4318,101.605835
4320,121.42188
4322,91.71402
4323,114.3145
4325,102.77725
4326,111.73036
4328,102.10345
4330,102.592705
4332,111.61092
4333,91.37685
4335,90.95778
4336,113.27164
4338,103.888626
4341,93.00969
4342,102.89148
4344,101.566864
4347,98.06736
4348,101.587845
4351,111.62506
4352,91.72084
4353,110.130486
4355,102.25157
4356,95.37407
4359,100.572876
4360,92.92787
4361,93.02995
4364,93.4026
4365,103.81
4368,94.18252
4372,93.81334
4374,91.96202
4376,93.4789
4377,100.6319
4380,93.460106
4383,104.3489
4384,92.99585
4385,102.518
4389,91.37047
4391,93.24888
4392,111.50336
4393,91.34999
4395,91.35959
4396,111.09654
4398,113.3402
4399,122.007805
4401,93.36719
4406,91.470505
4408,105.05508
4412,101.587845
4415,90.87506
4418,112.145645
4419,91.96202
4420,78.37016
4422,111.28754
4423,91.96202
4425,90.91576
4428,109.84585
4431,116.088425
4434,90.86035
4436,93.49921
4437,109.999054
4439,118.73507
4440,103.67283
4441,115.6391
4444,94.4555
4445,104.446
4446,93.21465
4447,121.93456
4452,106.76306
4456,109.53146
4457,97.53359
4458,116.22786
4460,95.37407
4461,118.78516
4462,118.59605
4465,104.18686
4466,101.737076
4468,93.37994
4469,107.095085
4472,110.59122
4475,92.995056
4478,101.78586
4479,111.63928
4480,92.13931
4483,78.394165
4484,93.25719
4485,104.26163
4486,93.728806
4488,91.69261
4489,100.77282
4490,93.464165
4491,105.60089
4492,93.51649
4493,103.767426
4494,93.11033
4495,102.684044
4498,75.84277
4499,93.70647
4500,100.34837
4503,111.574234
4505,105.121
4506,88.95097
4507,98.041214
4508,101.605835
4510,111.72647
4511,93.33596
4513,93.92979
4516,78.3712
4519,93.50875
4521,94.67951
4531,93.41145
4532,78.35011
4533,95.17793
4534,111.661316
4536,101.605835
4537,97.53359
4539,91.397575
4542,102.07535
4545,92.99746
4549,93.601074
4551,92.07659
4554,103.71116
4556,116.12651
4559,109.24954
4561,109.92939
4562,109.97254
4566,111.476524
4569,93.3486
4570,111.09654
4573,94.11424
4574,104.26759
4575,91.05528
4577,93.92166
4578,110.989136
4580,110.36942
4582,92.39917
4583,111.28754
4585,93.441696
4587,101.605835
4595,91.94588
4596,110.25485
4601,92.272766
4602,112.322685
4603,95.046074
4605,118.667175
4606,95.529205
4607,114.13272
4608,95.11182
4610,91.08213
4613,106.25836
4617,93.019806
4618,110.45852
4619,92.52324
4620,93.14122
4622,96.86328
4625,95.37407
4626,101.605835
4627,93.500305
4629,91.782646
4631,93.203064
4633,101.605835
4634,119.33186
4635,93.667145
4639,91.412224
4640,103.5068
4642,103.05878
4644,110.006134
4646,101.605835
4647,92.89874
4648,78.33001
4649,93.423805
4650,107.355896
4655,93.601074
4660,91.959045
4661,112.964584
4662,91.33769
4663,111.983795
4665,97.42418
4666,109.67384
4667,102.80452
4668,93.621284
4670,115.17923
4671,113.29404
4672,101.78778
4673,104.62342
4675,105.592705
4676,93.43346
4677,110.2932
4680,92.94352
4682,92.91791
4683,114.22877
4685,101.587845
4686,94.02023
4688,112.579056
4690,110.12993
4692,110.845215
4693,92.98662
4697,95.108315
4700,110.39186
4702,109.76503
4707,118.98237
4708,95.81264
4710,78.39253
4716,105.111145
4717,93.28745
4718,93.63181
4720,95.089035
4721,78.395424
4723,110.25554
4726,109.98244
4727,92.4684
4729,93.66377
4731,104.29914
4732,116.969574
4735,91.60589
4736,102.17309
4737,100.489136
4738,111.78749
4739,111.91753
4744,102.31414
4747,92.9969
4749,114.39282
4750,95.81264
4752,112.499725
4755,95.50592
4756,102.670494
4757,109.79765
4758,90.72919
4759,100.96588
4763,94.5063
4764,105.608185
4765,97.054794
4766,93.484505
4767,121.07413
4769,114.30867
4770,96.87196
4771,77.04141
4772,102.18965
4774,112.69292
4776,115.22153
4777,107.76415
4778,95.60732
4780,108.822205
4784,106.001175
4786,95.60623
4787,78.39319
4788,107.44129
4789,112.499725
4791,102.53475
4792,92.99847
4795,110.0833
4796,92.88714
4803,91.74468
4805,98.288414
4807,95.4329
4809,93.15038
4816,93.44467
4817,78.39242
4818,91.543175
4820,93.70329
4821,100.44031
4823,110.99573
4824,104.37419
4825,110.76428
4829,100.877106
4830,95.371376
4831,116.674255
4833,104.94702
4836,98.32652
4837,112.579056
4838,91.26978
4840,92.69614
4841,78.39499
4842,91.80577
4843,111.92378
4844,94.83794
4849,110.04269
4851,110.75179
4852,101.771355
4858,92.86976
4860,95.371376
4863,111.73916
4864,115.43023
4865,111.236435
4867,107.289276
4868,117.44611
4869,111.35503
4873,91.513664
4875,93.016235
4876,112.58427
4877,96.43548
4878,111.95114
4880,78.39276
4886,109.458405
4888,102.62343
4889,94.091255
4890,111.760605
4893,92.9899
4895,92.98461
4896,102.33977
4899,103.84642
4901,91.95838
4902,104.32522
4903,107.49516
4904,112.499725
4910,94.004105
4912,93.69799
4915,108.32584
4916,103.326126
4917,92.87698
4920,102.18965
4927,102.695335
4928,93.13605
4931,102.68367
4934,92.92255
4936,98.02005
4939,112.86
4942,111.911575
4943,97.70085
4944,102.92983
4945,92.971985
4947,111.80307
4948,93.00216
4951,95.20978
4952,112.499725
4953,90.924576
4956,107.49516
4957,116.52962
4958,93.36961
4960,91.560715
4968,91.77443
4969,106.842896
4971,102.17943
4973,112.716446
4975,117.10282
4976,93.46802
4978,93.36011
4979,110.73613
4982,111.0494
4983,112.45553
4984,100.33505
4985,119.069275
4986,93.48955
4987,118.09825
4988,94.97814
4994,93.87584
4995,95.083824
5002,78.29256
5004,92.99042
5005,100.61124
5006,96.777954
5007,100.959366
5009,111.95005
5011,112.716446
5014,94.69282
5015,104.37269
5018,94.18584
5019,110.030495
5020,92.88347
5021,111.40273
5022,94.74298
5023,92.88628
5025,95.56262
5032,93.05158
5034,93.0841
5036,92.94912
5038,104.31106
5039,112.51333
5046,107.650604
5049,110.030495
5051,94.02915
5052,90.82374
5053,112.69292
5054,95.12828
5055,93.58932
5057,97.79389
5059,93.04527
5062,110.40355
5063,111.043274
5065,112.02179
5069,96.82124
5071,98.29076
5074,114.4054
5075,91.51645
5076,112.1039
5077,78.38937
5079,102.812546
5080,97.513855
5081,112.49444
5083,103.31613
5088,101.74246
5089,92.69119
5093,113.09085
5094,102.88533
5095,93.159515
5099,109.570145
5101,110.93747
5103,100.7991
5104,93.03746
5105,111.94384
5107,95.62549
5108,112.50382
5109,92.74357
5111,91.538864
5112,111.73192
5113,93.00328
5114,111.33499
5115,104.69951
5118,92.90314
5122,93.329185
5123,78.38689
5125,92.99809
5127,102.293564
5128,94.96642
5129,113.4339
5132,96.99466
5134,115.60506
5135,93.49452
5137,110.71594
5142,91.96155
5143,105.70568
5144,95.99985
5148,93.40608
5149,92.69808
5150,102.44716
5154,78.39287
5155,93.41299
5159,92.3061
5164,92.75636
5165,112.530716
5166,96.042496
5167,119.51434
5169,91.02297
5171,93.41944
5172,111.15512
5176,93.57933
5184,113.66162
5185,94.43444
5186,109.59061
5188,101.9341
5189,112.144005
5190,96.813995
5191,112.530716
5193,111.77242
5196,93.419716
5199,77.83411
5200,103.089966
5203,92.8828
5204,111.50702
5205,97.62024
5207,93.513916
5208,109.12219
5212,92.97704
5214,92.99309
5218,90.95657
5220,92.10634
5222,93.42941
5224,91.94663
5225,101.97948
5227,110.64879
5229,102.64206
5232,93.29083
5233,115.81304
5234,102.95062
5237,110.37308
5239,120.764885
5240,92.97209
5241,109.68617
5244,93.1308
5248,111.58835
5251,92.63578
5253,94.61222
5255,92.934616
5256,102.8047
5257,92.993996
5259,92.491005
5260,108.62479
5266,95.16955
5268,96.16264
5275,110.92828
5276,111.1702
5277,93.923035
5279,92.52801
5280,101.42575
5281,91.491745
5283,101.164085
5284,78.365265
5285,93.30118
5286,104.98879
5287,91.29056
5289,94.348465
5290,111.77242
5292,109.05606
5293,96.24689
5294,104.02507
5297,92.97557
5299,104.814285
5302,94.411514
5305,77.1593
5306,92.99965
5308,93.4346
5309,93.276344
5310,115.879745
5312,111.53337
5316,118.17018
5317,91.2661
5319,78.39448
5320,93.588394
5323,91.17537
5329,111.40667
5331,112.38577
5334,109.442345
5336,113.63937
5338,102.08971
5341,94.7478
5345,102.10462
5348,101.70767
5349,113.16358
5355,117.38551
5356,93.47081
5360,112.53035
5362,112.034904
5364,112.355865
5366,111.4028
5367,93.04727
5368,91.17224
5370,90.92715
5371,78.38596
5373,103.58287
5375,110.37308
5376,93.02492
5378,112.19009
5379,93.01335
5383,91.10396
5384,102.77511
5389,109.206894
5391,78.38656
5393,108.337
5395,115.62504
5397,109.10472
5398,93.43556
5399,108.948616
5401,115.871506
5402,91.36722
5403,112.6367
5404,102.2388
5407,78.391106
5408,90.936424
5413,110.11446
5414,94.262405
5417,92.564514
5418,109.05606
5420,111.895706
5421,93.00891
5424,92.16952
5425,111.50702
5426,93.039635
5429,116.16955
5431,90.93046
5437,100.68547
5440,91.96006
5444,104.15445
5446,107.255486
5447,93.99722
5451,95.23143
5452,93.03547
5455,102.95062
5456,93.3029
5458,92.57678
5459,119.22652
5460,98.48462
5462,93.463135
5463,111.26902
5464,91.901764
5465,120.92798
5466,95.45748
5467,103.98268
5468,94.57167
5469,112.76584
5472,97.3352
5474,92.978516
5475,110.43416
5476,93.39331
5479,102.822876
5480,111.26024
5482,111.22105
5485,93.15743
5486,116.71772
5488,78.389755
5495,102.64206
5496,92.855255
5497,114.73359
5499,117.99814
5503,91.92879
5504,95.56264
5507,93.50484
5509,92.839966
5511,104.67856
5512,111.605865
5516,110.147705
5517,96.07323
5518,103.12661
5521,94.12251
5522,102.71344
5527,95.39517
5528,93.344925
5529,111.456856
5532,95.33526
5533,114.271194
5535,108.11975
5536,112.777275
5540,92.94142
5547,109.14473
5548,110.511154
5550,78.370125
5551,92.113464
5554,111.229454
5555,93.08272
5559,113.75072
5560,91.699875
5561,109.83747
5562,91.08701
5563,110.11992
5565,78.389206
5566,95.15201
5567,102.73724
5568,92.69154
5572,93.49486
5574,93.319016
5576,91.29705
5579,107.91344
5580,74.35358
5581,95.04756
5583,91.06453
5584,111.127396
5586,110.20433
5587,93.26472
5589,100.716995
5591,100.58313
5592,90.85748
5593,110.19318
5594,94.96188
5595,78.09729
5596,111.96117
5597,108.07836
5598,117.99867
5599,92.98001
5602,112.52305
5603,94.96188
5605,91.7051
5607,98.889755
5608,110.86671
5609,93.4408
5610,90.98001
5612,92.561066
5613,112.46359
5614,97.54234
5616,97.51749
5621,97.84746
5623,93.00075
5628,116.836784
5629,93.1045
5631,90.70606
5633,121.96225
5638,103.210976
5639,100.58823
5640,105.908646
5645,96.04021
5646,78.38621
5649,93.58523
5653,116.18648
5655,111.80749
5656,94.73878
5658,98.816315
5662,115.89746
5663,91.595146
5667,92.5107
5670,92.98001
5671,100.79473
5672,92.96413
5673,100.779755
5674,92.990585
5675,102.885544
5676,94.38609
5679,111.68977
5683,118.88853
5687,94.63829
5688,78.387184
5690,93.310905
5691,111.79432
5692,92.40842
5693,116.22564
5694,92.45744
5697,110.94978
5698,91.79795
5699,110.67435
5704,93.37424
5707,111.68977
5709,100.716286
5710,95.307816
5714,92.45459
5718,93.09393
5721,98.873764
5723,106.174164
5724,111.99402
5725,96.87022
5726,106.965836
5729,95.46278
5730,103.05406
5731,93.41252
5733,78.37962
5736,93.24007
5741,102.94939
5745,110.513466
5747,93.14215
5748,104.21945
5750,109.424934
5751,95.173615
5752,95.444786
5754,91.68024
5755,93.26603
5757,92.8777
5758,119.13924
5760,102.626495
5762,100.92551
5766,116.33067
5768,95.288086
5769,116.95728
5770,91.707146
5771,110.205925
5772,91.47078
5773,115.55646
5774,93.549866
5776,91.79239
5777,110.67435
5778,93.06564
5780,112.41855
5782,91.59683
5783,78.32358
5784,94.14357
5786,94.78412
5788,92.4339
5789,111.85841
5790,93.00365
5791,102.12397
5793,102.998886
5794,93.48792
5796,118.84546
5797,92.94414
5801,92.65146
5803,94.63829
5804,114.79007
5805,92.67078
5806,78.3905
5808,109.729675
5813,93.97569
5815,91.06647
5816,108.2567
5822,94.14186
5823,110.38898
5825,105.52279
5827,108.12189
5829,100.82175
5830,99.66884
5831,111.73398
5832,103.38232
5833,109.729675
5837,116.59437
5838,93.35182
5839,91.09556
5842,105.908646
5844,110.07412
5845,102.98304
5846,112.639694
5848,78.39233
5850,113.079544
5851,93.20146
5853,95.288086
5854,103.408226
5858,105.908646
5860,109.266846
5864,104.25758
5866,96.087524
5867,111.68977
5868,93.32015
5869,111.04107
5870,92.99875
5871,111.437584
5874,112.66674
5876,109.37314
5877,92.37471
5878,95.153625
5879,109.43971
5880,91.36391
5884,90.79239
5886,111.13991
5890,99.429474
5896,93.04785
5897,100.8803
5898,95.288086
5901,104.61965
5903,112.33943
5906,90.98001
5908,111.08392
5909,91.896706
5910,112.46359
5911,93.818214
5912,112.46884
5914,112.66674
5919,111.837875
5924,117.567856
5926,93.00967
5929,102.87862
5930,91.66795
5932,96.05505
5933,112.7948
5934,94.21875
5935,109.732086
5936,100.099266
5937,110.670105
5938,93.11501
5939,112.307175
5942,102.65846
5943,94.21013
5944,104.41304
5946,110.36334
5951,92.973404
5953,102.19205
5954,95.21637
5957,103.07742
5961,98.6375
5962,102.26246
5964,78.18136
5965,92.971176
5968,112.178635
5969,90.92168
5974,92.76608
5975,110.415634
5978,78.393394
5981,103.11122
5982,94.55314
5983,114.44524
5989,112.288795
5991,93.92962
5992,102.28808
5995,92.98891
5996,100.98431
5997,110.88519
5998,92.99767
5999,76.358536
6001,112.84274
6002,93.760124
6003,113.85752
6004,95.21637
6006,112.36598
6007,90.93213
6011,94.5558
6012,100.23526
6014,94.91764
6015,101.88632
6016,91.6642
6017,111.167465
6018,96.981674
6024,93.04834
6025,104.11964
6026,112.02133
6028,111.59747
6029,78.392914
6030,94.4501
6036,112.178635
6040,92.80934
6041,110.36109
6042,91.18892
6044,93.10587
6045,102.45607
6047,102.11306
6048,93.11732
6049,111.85511
6051,118.48979
6052,121.708176
6053,92.25102
6054,104.727844
6058,104.34536
6059,93.42992
6062,95.32861
6063,118.641106
6064,100.91869
6065,92.80934
6067,109.78534
6068,109.19072
6070,102.67553
6071,105.38935
6072,111.26805
6080,111.26805
6081,92.98205
6084,102.38851
6087,93.45963
6089,102.2896
6092,111.26805
6094,94.311005
6095,112.61835
6097,111.31436
6100,99.603516
6104,104.23981
6105,93.49843
6106,116.44816
6107,78.38695
6108,93.32703
6109,111.26805
6110,92.2075
6114,111.26805
6116,93.004166
6117,102.885254
6118,93.06079
6123,78.37831
6125,112.68565
6128,111.63449
6130,101.67236
6132,111.634445
6137,78.38609
6139,121.88533
6140,100.24022
6141,110.69227
6142,102.51269
6144,110.95969
6145,93.329094
6146,92.9939
6149,91.34016
6156,121.28482
6159,111.99012
6160,100.24022
6162,102.66777
6164,112.15202
6165,93.119514
6168,78.377655
6169,109.97086
6170,92.322784
6171,111.22165
6172,91.434326
6173,112.3311
6176,97.260376
6177,91.42261
6178,92.99486
6180,92.99725
6181,101.0157
6182,90.965576
6185,91.58419
6186,110.92091
6188,112.27658
6189,94.97382
6192,102.38851
6193,92.99582
6194,102.45607
6195,92.21233
6196,116.81633
6197,93.44314
6201,109.60127
6202,92.23837
6203,115.79527
6204,93.521164
6207,118.21386
6209,100.73165
6210,92.66479
6211,112.670006
6213,111.86774
6216,91.33167
6217,92.05098
6219,93.04373
6222,78.39394
6223,94.505394
6235,95.0329
6240,93.269165
6242,92.0448
6247,92.709625
6251,114.22384
6254,111.40675
6255,93.28052
6260,100.76012
6261,94.349495
6262,105.64545
6264,106.2608
6269,103.48476
6271,107.32567
6275,112.1543
6276,97.076645
6278,91.77984
6279,110.771965
6281,116.4129
6284,93.5094
6286,90.99721
6287,78.37986
6288,94.03526
6292,96.74178
6293,93.426544
6295,91.44454
6298,112.444916
6300,111.25833
6304,101.534615
6308,110.62408
6310,93.00566
6312,111.26805
6320,93.28546
6324,93.083595
6325,108.68942
6330,94.13513
6336,111.5957
6340,109.454506
6341,95.0329
6342,104.578674
6344,93.32243
6345,113.37129
6347,111.1251
6348,109.54283
6349,112.444916
6351,78.39104
6353,109.67332
6354,92.34268
6357,94.43991
6358,104.573425
6360,103.66822
6363,116.55171
6364,92.902145
6368,112.13254
6370,93.01903
6371,94.800476
6377,93.2977
6379,99.45511
6381,95.68241
6382,78.37293
6383,109.81488
6388,106.7112
6390,106.96816
6392,100.360435
6393,93.28433
6395,93.42368
6398,103.11653
6401,78.371445
6402,93.222534
6403,109.17534
6405,94.773
6406,93.302155
6407,110.09144
6409,101.99942
6411,92.99409
6413,93.003494
6416,103.73072
6417,91.85825
6418,93.00765
6419,116.07756
6420,110.08066
6426,111.543526
6429,91.65402
6430,93.85871
6431,109.17534
6432,104.40776
6434,91.031525
6437,109.31331
6438,92.99649
6439,102.5255
6440,91.30216
6441,104.73918
6442,109.82274
6443,97.37897
6445,92.90947
6448,110.405106
6450,111.44409
6453,95.78854
6455,91.72104
6457,90.93529
6458,110.637085
6461,92.68677
6464,110.126495
6467,92.99057
6469,93.986404
6470,78.1225
6471,96.80777
6473,102.191696
6474,92.99317
6479,92.204575
6481,105.300934
6484,111.20935
6495,96.38589
6496,106.13231
6505,113.02117
6506,94.03269
6508,94.84976
6509,92.92952
6510,102.29873
6512,102.79758
6513,94.29602
6514,111.08334
6515,91.930626
6519,93.19711
6521,92.815475
6523,78.29313
6525,105.36008
6526,92.780075
6528,92.98197
6529,117.39032
6531,102.63512
6533,102.815796
6534,92.99664
6535,109.95092
6536,92.16606
6537,109.61357
6540,91.90213
6541,109.81488
6547,90.99363
6548,107.20477
6551,111.28487
6553,110.93414
6555,103.02197
6556,93.28131
6561,78.34796
6564,95.331856
6565,109.95092
6568,90.90843
6569,109.82274
6573,104.06025
6574,93.14871
6577,109.62168
6579,113.29332
6581,90.889175
6582,109.5981
6585,111.01634
6586,91.014984
6589,101.694275
6590,78.343
6593,92.55716
6594,110.138535
6595,91.50862
6599,91.20025
6600,96.39401
6601,110.61818
6602,92.22359
6603,110.405106
6604,91.02713
6607,100.83438
6608,100.01192
6609,92.97464
6611,92.84996
6613,109.82274
6614,107.27453
6616,93.52256
6617,109.82274
6618,95.01277
6619,101.50714
6621,103.02197
6627,108.03283
6629,107.22864
6631,78.370346
6634,93.49445
6636,94.59205
6638,90.90843
6639,109.82274
6641,110.0231
6642,92.31378
6651,114.89525
6654,78.37926
6657,92.515625
6663,94.65161
6665,105.58623
6666,91.41176
6668,94.69224
6669,103.05209
6670,92.98786
6671,94.38741
6673,94.68952
6675,92.982346
6676,78.37423
6677,93.34487
6679,92.94765
6680,109.770905
6681,102.29873
6685,102.085175
6688,92.964226
6689,91.84288
6690,113.80588
6692,109.82274
6693,96.70352
6694,93.018005
6698,115.98558
6699,91.446075
6700,107.08739
6701,90.93529
6702,104.78459
6704,91.84288
6707,110.992294
6712,110.85756
6713,94.26205
6715,90.79805
6721,106.30136
6722,91.73056
6723,111.441
6724,98.05041
6725,115.95563
6731,111.029724
6735,78.22215
6736,92.37979
6737,110.123
6738,92.738434
6739,104.32502
6741,101.717865
6743,97.13097
6745,94.69224
6747,109.56492
6749,93.377686
6750,102.67439
6751,118.75515
6752,92.55561
6753,109.82274
6755,111.74211
6756,91.650955
6757,102.74097
6759,109.706314
6761,92.50514
6763,96.80777
6764,116.04901
6765,91.38613
6766,109.11795
6768,111.14893
6771,91.84288
6773,93.51373
6774,92.87425
6778,100.219574
6779,100.84491
6781,91.68039
6784,91.21028
6786,100.80611
6787,111.55451
6790,90.98573
6793,107.554886
6795,109.654465
6798,110.26202
6806,101.19124
6807,93.00502
6810,97.384705
6815,107.488556
6816,92.989235
6817,101.71494
6818,92.994064
6819,101.39621
6820,92.86956
6822,92.998085
6823,117.8108
6824,108.14339
6825,93.363174
6828,78.33316
6829,111.95473
6831,108.11209
6832,93.48084
6833,113.04566
6834,96.559555
6836,92.921524
6837,112.150024
6838,91.34828
6840,101.97018
6843,93.25006
6845,91.745674
6846,91.314285
6847,111.18748
6851,110.64412
6852,92.08557
6853,108.93977
6858,92.94943
6861,111.51445
6863,110.72365
6864,78.38281
6865,90.8866
6866,110.9294
6867,95.14205
6868,99.95001
6869,93.06753
6870,108.14339
6874,108.392654
6875,95.61011
6877,111.228775
6878,101.78214
6880,112.7146
6883,109.820656
6884,91.84982
6886,93.471664
6890,95.41164
6893,109.88412
6894,91.01928
6899,111.228775
6900,93.459564
6904,90.938866
6905,106.828766
6906,92.94504
6910,91.25503
6912,103.91193
6913,112.7412
6920,91.25762
6922,93.23661
6923,109.654465
6926,92.97689
6927,109.640686
6928,91.44299
6931,112.7567
6933,91.13511
6936,90.94191
6937,111.2184
6939,109.20711
6941,99.889885
6942,117.39404
6943,93.525246
6944,101.7979
6945,92.997185
6946,102.89366
6947,117.34213
6949,101.62081
6951,104.73051
6953,111.493164
6954,92.39403
6955,108.222244
6963,108.64337
6964,91.20837
6966,96.65977
6968,92.247795
6970,100.01988
6972,110.5457
6976,110.0916
6978,110.9294
6981,100.59873
6985,102.36568
6986,93.36365
6987,101.073265
6989,111.13418
6991,117.8108
6993,115.971085
6994,92.92622
6995,110.90933
6996,93.572174
6997,110.69052
6998,78.28958
7001,108.912994
7003,106.75941
7006,93.06875
7008,105.3186
7010,92.43146
7011,93.13889
7012,112.75542
7013,91.45378
7014,109.27147
7017,105.04149
7018,104.53468
7019,91.1134
7023,96.99745
7024,101.95691
7025,91.00337
7026,109.89975
7027,91.78786
7028,120.37131
7030,109.654465
7031,93.15292
7033,111.13294
7036,91.17801
7037,93.01018
7039,99.456116
7044,94.63767
7045,112.150024
7046,121.73862
7049,103.06561
7050,99.780846
7051,100.01988
7054,108.72662
7055,112.27498
7057,92.00014
7060,111.228775
7061,95.73211
7063,92.71234
7064,107.62155
7067,112.7146
7071,91.06425
7074,100.62224
7075,92.974304
7078,112.150024
7079,91.54143
7080,109.34063
7081,95.40174
7082,112.31404
7083,93.266205
7085,110.51657
7092,101.09933
7094,92.96316
7100,90.99576
7101,105.745865
7102,110.9294
7104,108.59332
7105,95.73211
7106,93.07106
7107,101.34602
7108,78.26257
7109,92.99759
7110,111.2184
7112,92.979095
7113,101.81778
7114,92.20504
7116,111.50401
7117,93.75454
7118,103.10803
7120,93.41133
7121,103.01854
7123,100.47511
7124,91.10306
7127,110.11018
7131,100.34564
7132,92.994064
7133,91.63634
7134,109.20593
7135,92.1581
7136,108.56657
7137,91.29985
7141,92.31412
7144,101.8976
7147,109.75147
7148,91.45467
7150,89.68929
7151,93.41133
7152,100.67601
7154,93.059265
7156,92.48227
7157,103.59127
7159,118.06181
7161,94.727715
7163,91.69238
7164,100.850006
7167,78.38498
7169,102.61052
7170,93.36124
7173,92.61987
7174,101.29738
7177,107.89433
7178,102.583466
7179,91.74354
7180,74.292244
7181,107.64931
7182,92.993996
7184,94.85061
7185,111.940155
7186,91.14809
7187,116.63237
7188,97.41217
7189,111.13101
7191,101.75278
7193,108.479034
7197,93.12038
7199,92.39722
7200,112.31404
7201,92.1581
7204,93.274376
7207,109.63606
7209,110.72365
7210,94.019905
7211,104.12135
7213,99.75783
7214,110.69052
7216,109.11102
7217,115.32715
7220,110.348236
7224,109.654465
7225,93.07489
7226,109.11102
7227,91.77756
7234,111.940155
7236,78.10318
7239,102.76431
7240,92.05788
7242,114.36908
7244,110.08388
7245,91.288216
7247,113.267296
7248,92.1717
7249,118.39798
7250,107.54473
7251,91.2845
7252,110.68135
7253,78.3869
7256,91.52711
7260,95.207
7261,112.53602
7264,93.00469
7269,111.97603
7270,93.163414
7273,110.53529
7279,91.40303
7281,110.57675
7284,91.21091
7285,105.45174
7286,118.31085
7287,92.87006
7289,93.443985
7292,92.92357
7293,110.71961
7296,90.9476
7297,111.10341
7298,90.90563
7299,114.43436
7301,100.85487
7304,109.387344
7306,112.01465
7308,93.444
7309,100.83023
7312,92.523186
7313,78.3869
7314,92.34631
7316,93.52275
7319,111.93718
7321,91.3111
7323,93.63825
7324,101.553085
7325,92.98868
7328,100.831726
7330,78.38794
7334,92.99003
7337,112.311264
7338,95.00141
7339,96.84724
7341,91.68303
7342,110.76976
7344,111.90278
7345,110.22072
7347,108.16507
7349,110.57675
7350,91.18754
7353,111.46829
7355,110.68855
7356,91.47267
7357,119.09703
7358,93.41985
7360,91.28589
7363,104.35339
7364,93.02012
7366,95.0511
7368,92.9927
7369,112.3049
7370,93.018814
7373,92.96809
7374,111.795685
7375,94.15292
7377,94.75812
7379,91.93647
7380,113.21093
7382,111.615
7383,97.31224
7385,91.29199
7386,103.06911
7391,93.015976
7394,114.44304
7396,107.54473
7397,91.479576
7399,93.48212
7400,103.138016
7403,78.38435
7405,108.9391
7408,108.94913
7414,109.90886
7416,100.922806
7417,91.52169
7419,91.47852
7420,108.442444
7421,92.94537
7422,94.80977
7423,103.189384
7425,78.348465
7430,94.52898
7432,92.97
7433,90.92995
7434,110.10798
7436,107.15144
7437,91.19583
7438,98.930405
7440,107.03176
7441,92.756516
7442,111.96839
7445,110.4052
7446,100.809494
7448,111.39361
7450,100.57569
7451,93.287674
7454,112.02757
7455,91.06673
7457,111.31654
7459,100.80627
7462,92.98306
7464,93.287674
7465,107.47431
7466,92.98851
7467,109.53836
7469,112.95448
7472,92.93814
7473,110.7081
7479,92.99003
7480,101.608475
7484,113.50004
7491,93.004105
7494,104.51634
7495,93.1409
7501,94.83558
7503,92.99437
7504,102.568245
7505,91.09594
7508,107.97763
7509,94.19053
7510,78.3869
7511,111.96106
7515,92.984695
7516,104.198166
7517,90.96384
7518,104.02038
7519,93.00718
7521,92.77837
7522,102.96724
7524,108.74599
7526,101.417
7527,93.03078
7528,100.78023
7529,93.00918
7534,103.66765
7537,111.34743
7538,96.14715
7540,92.087234
7541,110.1174
7545,110.597496
7551,111.852806
7553,93.03468
7554,100.55466
7555,92.997086
7561,111.48072
7562,119.85023
7564,91.98265
7565,109.04336
7566,92.69121
7567,108.042404
7569,100.26863
7570,91.166794
7571,115.24192
7572,93.27473
7574,106.210754
7578,111.689995
7579,93.00205
7586,91.339485
7587,77.54988
7590,94.375336
7593,110.70811
7594,91.01352
7595,92.69121
7600,91.761284
7601,78.32225
7602,91.55018
7603,108.86757
7604,91.409225
7606,92.35306
7608,112.06943
7613,78.37991
7615,111.48367
7616,109.41251
7617,111.53313
7618,93.03078
7619,100.735176
7622,88.93213
7623,102.04463
7624,92.6333
7625,104.33281
7626,93.40129
7627,102.644775
7628,75.70831
7631,110.56006
7632,102.36621
7633,94.200516
7634,114.57024
7635,90.98073
7636,111.7612
7637,111.7612
7639,92.588615
7640,78.380226
7644,111.95317
7645,92.24359
7648,101.78523
7649,92.086754
7650,109.5376
7652,107.47431
7653,92.978806
7655,92.99801
7659,109.75476
7662,104.07136
7664,99.813286
7666,93.75814
7668,91.33542
7669,105.68767
7670,92.99692
7672,93.00923
7673,110.8168
7678,91.288345
7679,78.38658
7680,102.75908
7683,93.29977
7685,118.31085
7688,95.004555
7690,107.98694
7692,92.97711
7693,91.132996
7695,112.311264
7696,91.75902
7698,93.0087
7699,109.42985
7702,90.21802
7703,109.396484
7704,92.2371
7707,111.96106
7713,78.38486
7715,100.28114
7717,103.210266
7718,94.555885
7719,104.98884
7721,112.2617
7722,93.34979
7725,100.972786
7727,101.49471
7730,75.645706
7733,91.067505
7735,100.03214
7740,108.20363
7741,112.00087
7742,90.92245
7744,112.376495
7747,90.93565
7750,78.355225
7752,109.64431
7754,116.4643
7756,109.73075
7757,93.24469
7758,103.00279
7760,102.03801
7761,93.34073
7763,108.80203
7765,93.00821
7767,110.69529
7768,90.97105
7771,93.06533
7773,91.01293
7774,113.64754
7776,102.94105
7779,90.921906
7783,90.88757
7786,102.18506
7787,93.48957
7789,91.217834
7791,92.93219
7793,90.894455
7794,110.78061
7795,92.87571
7799,78.38222
7800,107.405266
7802,91.778
7805,114.78424
7807,100.43544
7808,90.93441
7811,101.57783
7817,108.245636
7818,101.2926
7819,94.65338
7822,91.541954
7823,106.82402
7825,114.60926
7828,93.51459
7832,94.2483
7833,78.385025
7834,109.78954
7835,91.842804
7837,92.72573
7840,91.3285
7842,94.75881
7843,107.06402
7844,92.88504
7846,93.34073
7850,93.24902
7853,110.28402
7855,112.27753
7858,91.75341
7863,110.07146
7865,111.78311
7866,91.337326
7868,92.72884
7869,110.85995
7871,78.380486
7872,100.85388
7874,99.98575
7877,112.38803
7878,91.11415
7879,110.00021
7881,99.51303
7883,93.01857
7885,101.06339
7886,93.01448
7889,91.316864
7890,105.31898
7891,91.16261
7893,90.92944
7894,100.80279
7896,107.994194
7898,100.21207
7901,91.015366
7902,107.44003
7904,111.72008
7905,92.98741
7906,119.32062
7909,94.49963
7910,101.35037
7913,90.97444
7918,110.948456
7919,92.72452
7923,91.96716
7925,92.5045
7927,91.176544
7930,92.91257
7932,91.69481
7933,93.557434
7935,90.91988
7939,102.58484
7942,93.26648
7943,111.349655
7945,102.872955
7946,92.99774
7948,90.97537
7949,109.98979
7950,90.939224
7951,110.69529
7955,103.79455
7959,93.00484
7960,108.203636
7961,92.95892
7962,102.68681
7964,102.89437
7965,94.88817
7966,112.21011
7967,104.91327
7968,92.24896
7971,100.123505
7974,92.72452
7976,104.09417
7978,109.47815
7982,108.20363
7983,94.85181
7984,101.213196
7986,91.03408
7989,109.98979
7991,107.44003
7992,111.53337
7993,91.351906
7994,110.38193
7995,94.2483
7997,91.444824
7998,101.213196
7999,108.245636
8002,92.46526
8007,92.78105
8009,93.2405
8011,92.92646
8013,91.67859
8015,101.93671
8017,109.201706
8019,118.46808
8023,92.66009
8024,109.84793
8026,110.92496
8027,91.22999
8029,91.732666
8030,115.51393
8031,91.27667
8033,93.43128
8035,91.8804
8036,100.77285
8039,103.32411
8042,92.201324
8044,90.997894
8046,78.37255
8048,112.57895
8049,92.98741
8050,101.080666
8053,92.98592
8054,91.024506
8059,93.099205
8061,91.82286
8062,105.60695
8064,110.65459
8066,101.12057
8067,92.558754
8068,92.954895
8070,90.96467
8071,111.75656
8072,102.68717
8076,90.9075
8080,92.997086
8081,111.9191
8084,109.053696
8087,112.93637
8089,90.83859
8090,114.46604
8091,100.84606
8094,122.005226
8100,90.98091
8101,91.16211
8110,93.25787
8111,107.44003
8112,90.94409
8115,116.526505
8116,92.795975
8118,110.65459
8121,116.332596
8125,104.78523
8127,110.82625
8128,91.011856
8129,106.72383
8131,96.23616
8138,93.009964
8139,101.33109
8140,92.63042
8141,91.01293
8142,111.77257
8143,109.750916
8145,110.92496
8146,91.51369
8148,110.739746
8153,111.60443
8154,91.384445
8155,109.82576
8161,91.1657
8162,108.17123
8163,93.05089
8166,110.04474
8168,111.24086
8170,100.70802
8172,108.80638
8173,92.733864
8176,102.92802
8179,93.01688
8181,93.37633
8182,118.484634
8184,111.081696
8190,101.98256
8191,93.50997
8194,113.75562
8196,108.48757
8198,112.05466
8199,110.164734
8201,107.87268
8202,91.665085
8207,94.21331
8208,105.297195
8211,109.544014
8214,111.69937
8217,93.03879
8218,110.95209
8222,92.77342
8229,104.32701
8231,91.36239
8233,90.98012
8236,90.93311
8238,111.83596
8240,100.02264
8243,101.656265
8246,103.49709
8250,93.03494
8254,93.287895
8256,78.37458
8257,111.913475
8258,93.80882
8260,94.58658
8261,111.63163
8263,113.36539
8264,92.99722
8267,106.80408
8268,91.9987
8271,90.952774
8272,105.297195
8275,91.87677
8276,91.65889
8277,105.14457
8278,117.251274
8279,91.54824
8280,108.79704
8281,93.83593
8282,110.50248
8287,107.03311
8288,92.05042
8289,115.21398
8294,90.96101
8296,90.99051
8299,107.68712
8302,100.89403
8308,104.44548
8314,102.67458
8315,93.18556
8316,105.29608
8317,92.68554
8319,113.97925
8320,91.37094
8321,115.8676
8323,95.79617
8325,91.50098
8326,108.487
8328,105.88028
8330,110.42609
8331,90.91782
8332,110.96858
8334,93.01156
8338,92.77289
8339,93.21713
8341,90.954544
8345,110.0153
8346,91.677155
8347,100.666214
8349,93.931885
8351,90.97406
8352,110.21065
8353,105.88028
8355,108.88019
8358,107.18441
8359,110.41358
8360,92.882706
8361,114.96408
8363,102.725845
8364,92.07125
8365,91.75047
8366,101.13954
8370,110.75417
8372,90.92681
8376,91.80483
8377,112.95769
8379,108.82234
8380,91.554886
8381,111.30185
8386,91.30347
8388,100.727234
8389,97.16827
8391,107.03647
8394,93.287895
8396,102.72324
8398,102.45845
8400,110.85247
8401,90.91831
8404,90.954544
8407,95.80161
8408,108.56655
8409,104.80288
8410,100.716576
8411,93.09006
8413,90.96783
8414,107.487
8416,91.31496
